"data";"preco_abertura";"preco_alto";"preco_baixo";"preco_fechamento";"volume_negociado";"ativo"
2024-12-19;247.500;252.000;247.095;249.790;58729023;AAPL
2024-12-18;252.160;254.280;247.740;248.050;56774101;AAPL
2024-12-17;250.080;253.830;249.780;253.480;51356360;AAPL
2024-12-16;247.990;251.380;247.650;251.040;51694753;AAPL
2024-12-13;247.815;249.290;246.240;248.130;33155290;AAPL
2024-12-12;246.890;248.740;245.680;247.960;32777532;AAPL
2024-12-11;247.960;250.800;246.260;246.490;45205814;AAPL
2024-12-10;246.890;248.210;245.340;247.770;36914806;AAPL
2024-12-09;241.830;247.240;241.750;246.750;44649232;AAPL
2024-12-06;242.905;244.630;242.080;242.840;36870619;AAPL
2024-12-05;243.990;244.540;242.130;243.040;40033878;AAPL
2024-12-04;242.870;244.110;241.250;243.010;44383935;AAPL
2024-12-03;239.810;242.760;238.900;242.650;38861017;AAPL
2024-12-02;237.270;240.790;237.160;239.590;48137103;AAPL
2024-11-29;234.810;237.810;233.970;237.330;28481377;AAPL
2024-11-27;234.465;235.690;233.810;234.930;33498439;AAPL
2024-11-26;233.330;235.570;233.330;235.060;45986189;AAPL
2024-11-25;231.460;233.245;229.740;232.870;90152832;AAPL
2024-11-22;228.060;230.720;228.060;229.870;38168252;AAPL
2024-11-21;228.880;230.155;225.710;228.520;42108327;AAPL
2024-11-20;228.060;229.930;225.890;229.000;35169566;AAPL
2024-11-19;226.980;230.160;226.660;228.280;36211774;AAPL
2024-11-18;225.250;229.740;225.170;228.020;44686020;AAPL
2024-11-15;226.400;226.920;224.270;225.000;47923696;AAPL
2024-11-14;225.020;228.870;225.000;228.220;44923941;AAPL
2024-11-13;224.010;226.650;222.760;225.120;48566217;AAPL
2024-11-12;224.550;225.590;223.355;224.230;40398299;AAPL
2024-11-11;225.000;225.700;221.500;224.230;42005602;AAPL
2024-11-08;227.170;228.660;226.405;226.960;38328824;AAPL
2024-11-07;224.625;227.875;224.570;227.480;42137691;AAPL
2024-11-06;222.610;226.065;221.190;222.720;54561121;AAPL
2024-11-05;221.795;223.950;221.140;223.450;28111338;AAPL
2024-11-04;220.990;222.790;219.710;222.010;44944468;AAPL
2024-11-01;220.965;225.350;220.270;222.910;65276741;AAPL
2024-10-31;229.340;229.830;225.370;225.910;64370086;AAPL
2024-10-30;232.610;233.470;229.550;230.100;47070907;AAPL
2024-10-29;233.100;234.325;232.320;233.670;35417247;AAPL
2024-10-28;233.320;234.730;232.550;233.400;36087134;AAPL
2024-10-25;229.740;233.220;229.570;231.410;38802304;AAPL
2024-10-24;229.980;230.820;228.410;230.570;31109503;AAPL
2024-10-23;234.080;235.144;227.760;230.760;52286979;AAPL
2024-10-22;233.885;236.220;232.600;235.860;38846578;AAPL
2024-10-21;234.450;236.850;234.450;236.480;36254470;AAPL
2024-10-18;236.180;236.180;234.010;235.000;46431472;AAPL
2024-10-17;233.430;233.850;230.520;232.150;32993810;AAPL
2024-10-16;231.600;232.120;229.840;231.780;34082240;AAPL
2024-10-15;233.610;237.490;232.370;233.850;64751367;AAPL
2024-10-14;228.700;231.730;228.600;231.300;39882085;AAPL
2024-10-11;229.300;229.410;227.340;227.550;31759188;AAPL
2024-10-10;227.780;229.500;227.170;229.040;28183544;AAPL
2024-10-09;225.230;229.750;224.830;229.540;33591091;AAPL
2024-10-08;224.300;225.980;223.250;225.770;31855693;AAPL
2024-10-07;224.500;225.690;221.330;221.690;39505354;AAPL
2024-10-04;227.900;228.000;224.130;226.800;37345098;AAPL
2024-10-03;225.140;226.805;223.320;225.670;34044158;AAPL
2024-10-02;225.890;227.370;223.020;226.780;32880605;AAPL
2024-10-01;229.520;229.650;223.740;226.210;63285048;AAPL
2024-09-30;230.040;233.000;229.650;233.000;54793391;AAPL
2024-09-27;228.460;229.520;227.300;227.790;34025967;AAPL
2024-09-26;227.300;228.500;225.410;227.520;36636707;AAPL
2024-09-25;224.930;227.290;224.020;226.370;42308715;AAPL
2024-09-24;228.645;229.350;225.730;227.370;43556068;AAPL
2024-09-23;227.340;229.450;225.810;226.470;54146023;AAPL
2024-09-20;229.970;233.090;227.620;228.200;318679888;AAPL
2024-09-19;224.990;229.820;224.630;228.870;66781315;AAPL
2024-09-18;217.550;222.710;217.540;220.690;59894928;AAPL
2024-09-17;215.750;216.900;214.500;216.790;45519339;AAPL
2024-09-16;216.540;217.220;213.920;216.320;59357427;AAPL
2024-09-13;223.580;224.040;221.910;222.500;36766619;AAPL
2024-09-12;222.500;223.550;219.820;222.770;37498225;AAPL
2024-09-11;221.455;223.090;217.890;222.660;44587072;AAPL
2024-09-10;218.920;221.480;216.730;220.110;51591033;AAPL
2024-09-09;220.820;221.270;216.710;220.910;67179965;AAPL
2024-09-06;223.950;225.240;219.770;220.820;48423011;AAPL
2024-09-05;221.625;225.480;221.520;222.380;36615398;AAPL
2024-09-04;221.660;221.780;217.480;220.850;43262758;AAPL
2024-09-03;228.550;229.000;221.170;222.770;50190574;AAPL
2024-08-30;230.190;230.400;227.480;229.000;52990770;AAPL
2024-08-29;230.100;232.920;228.880;229.790;51906297;AAPL
2024-08-28;227.920;229.860;225.680;226.490;38052167;AAPL
2024-08-27;225.995;228.850;224.890;228.030;35934559;AAPL
2024-08-26;226.760;227.280;223.891;227.180;30602208;AAPL
2024-08-23;225.659;228.220;224.330;226.840;38677250;AAPL
2024-08-22;227.790;228.340;223.900;224.530;43695321;AAPL
2024-08-21;226.520;227.980;225.050;226.400;34765480;AAPL
2024-08-20;225.770;227.170;225.450;226.510;30299033;AAPL
2024-08-19;225.720;225.990;223.040;225.890;40687813;AAPL
2024-08-16;223.920;226.827;223.650;226.050;44340240;AAPL
2024-08-15;224.600;225.350;222.760;224.720;46414013;AAPL
2024-08-14;220.570;223.030;219.700;221.720;41960574;AAPL
2024-08-13;219.010;221.890;219.010;221.270;44155331;AAPL
2024-08-12;216.070;219.510;215.600;217.530;38028092;AAPL
2024-08-09;212.100;216.780;211.970;216.240;42201646;AAPL
2024-08-08;213.110;214.200;208.830;213.310;47161149;AAPL
2024-08-07;206.900;213.640;206.390;209.820;63516417;AAPL
2024-08-06;205.300;209.990;201.070;207.230;69660488;AAPL
2024-08-05;199.090;213.500;196.000;209.270;119548589;AAPL
2024-08-02;219.150;225.600;217.710;219.860;105568560;AAPL
2024-08-01;224.370;224.480;217.020;218.360;62500996;AAPL
2024-07-31;221.440;223.820;220.630;222.080;50036262;AAPL
2024-12-19;191.625;193.030;188.380;188.510;31350055;GOOGL
2024-12-18;195.220;197.000;187.740;188.400;34166074;GOOGL
2024-12-17;197.250;201.420;194.980;195.420;43504025;GOOGL
2024-12-16;192.870;199.000;192.620;196.660;44934901;GOOGL
2024-12-13;191.010;192.730;189.640;189.820;25143495;GOOGL
2024-12-12;195.000;195.180;191.710;191.960;34817486;GOOGL
2024-12-11;185.310;195.610;184.850;195.400;67894071;GOOGL
2024-12-10;182.845;186.360;181.050;185.170;54813022;GOOGL
2024-12-09;173.960;176.260;173.650;175.370;25389631;GOOGL
2024-12-06;172.030;175.080;171.860;174.710;21462393;GOOGL
2024-12-05;175.360;176.060;172.330;172.640;21356243;GOOGL
2024-12-04;171.145;174.910;171.060;174.370;31615137;GOOGL
2024-12-03;171.490;172.680;170.850;171.340;22248705;GOOGL
2024-12-02;168.765;172.075;168.570;171.490;23789084;GOOGL
2024-11-29;168.500;169.430;167.160;168.950;14257244;GOOGL
2024-11-27;169.000;169.483;168.020;169.230;19266511;GOOGL
2024-11-26;167.630;169.820;167.580;169.120;20486720;GOOGL
2024-11-25;166.090;168.630;165.607;167.650;33135263;GOOGL
2024-11-22;165.850;166.460;163.900;164.760;38604587;GOOGL
2024-11-21;173.900;174.130;163.700;167.630;59734379;GOOGL
2024-11-20;177.340;177.675;173.780;175.980;18997111;GOOGL
2024-11-19;173.720;178.870;173.560;178.120;23434925;GOOGL
2024-11-18;173.420;175.438;172.900;175.300;20206613;GOOGL
2024-11-15;173.730;174.140;171.220;172.490;32504649;GOOGL
2024-11-14;178.280;178.820;174.322;175.580;31007457;GOOGL
2024-11-13;180.460;180.960;178.540;178.880;23184003;GOOGL
2024-11-12;179.820;182.490;179.390;181.620;25134905;GOOGL
2024-11-11;178.580;180.545;178.470;180.350;17450354;GOOGL
2024-11-08;180.645;180.900;178.080;178.350;22006182;GOOGL
2024-11-07;177.410;181.080;177.190;180.750;25352939;GOOGL
2024-11-06;173.800;176.940;173.500;176.510;33695538;GOOGL
2024-11-05;169.430;170.530;168.840;169.740;18242050;GOOGL
2024-11-04;169.930;170.730;168.011;169.240;21492744;GOOGL
2024-11-01;170.070;172.320;168.880;171.290;31796477;GOOGL
2024-10-31;173.130;176.820;171.000;171.110;44768981;GOOGL
2024-10-30;180.680;182.020;174.060;174.460;68890787;GOOGL
2024-10-29;167.730;170.380;167.090;169.680;42169025;GOOGL
2024-10-28;168.750;168.750;163.950;166.720;32138641;GOOGL
2024-10-25;163.670;165.590;163.420;165.270;19828884;GOOGL
2024-10-24;162.830;163.330;161.010;162.720;22412527;GOOGL
2024-10-23;164.760;165.820;161.925;162.780;18280518;GOOGL
2024-10-22;162.980;165.770;162.980;165.140;16568121;GOOGL
2024-10-21;162.950;164.500;162.620;164.070;20946455;GOOGL
2024-10-18;163.190;164.710;163.080;163.420;19757661;GOOGL
2024-10-17;165.730;166.370;162.760;162.930;21453395;GOOGL
2024-10-16;164.530;165.800;163.740;165.160;16406030;GOOGL
2024-10-15;165.785;167.680;164.625;165.460;20247195;GOOGL
2024-10-14;163.640;166.226;163.400;164.960;19016141;GOOGL
2024-10-11;162.130;163.900;161.235;163.240;15344251;GOOGL
2024-10-10;160.870;163.070;160.395;162.080;14144068;GOOGL
2024-10-09;163.450;164.840;159.740;161.860;31181774;GOOGL
2024-10-08;163.940;164.725;162.870;164.380;23072733;GOOGL
2024-10-07;167.720;168.480;162.750;162.980;22463140;GOOGL
2024-10-04;168.060;168.230;165.480;167.060;19093724;GOOGL
2024-10-03;164.410;166.640;163.923;165.860;15073101;GOOGL
2024-10-02;166.420;167.520;164.730;165.860;17760179;GOOGL
2024-10-01;167.685;169.160;164.580;166.990;28338123;GOOGL
2024-09-30;163.320;166.150;163.260;165.850;20481303;GOOGL
2024-09-27;162.810;165.700;162.626;163.950;21101307;GOOGL
2024-09-26;163.640;164.080;162.280;162.730;20319336;GOOGL
2024-09-25;161.470;162.810;161.300;161.490;18869199;GOOGL
2024-09-24;163.030;163.216;160.690;162.290;23332147;GOOGL
2024-09-23;164.350;165.490;161.670;161.850;24150852;GOOGL
2024-09-20;163.500;163.730;162.060;163.590;40896438;GOOGL
2024-09-19;163.710;163.790;161.340;162.140;26587733;GOOGL
2024-09-18;159.860;160.500;158.595;159.810;23677315;GOOGL
2024-09-17;159.020;160.550;158.375;159.320;20715612;GOOGL
2024-09-16;157.310;158.250;156.600;158.060;18379775;GOOGL
2024-09-13;155.430;158.380;155.210;157.460;29591152;GOOGL
2024-09-12;153.800;154.820;152.650;154.690;29695048;GOOGL
2024-09-11;149.920;151.500;147.520;151.160;29607693;GOOGL
2024-09-10;150.450;151.270;148.340;148.660;31118765;GOOGL
2024-09-09;152.510;153.400;147.215;148.710;39260451;GOOGL
2024-09-06;157.300;157.830;150.550;150.920;37912130;GOOGL
2024-09-05;156.300;159.450;155.981;157.240;18688747;GOOGL
2024-09-04;156.655;159.000;155.962;156.450;19197458;GOOGL
2024-09-03;161.720;161.850;156.480;157.360;38945301;GOOGL
2024-08-30;162.615;163.660;161.693;163.380;22123811;GOOGL
2024-08-29;164.310;165.970;160.250;161.780;19699767;GOOGL
2024-08-28;165.035;165.600;161.528;162.850;16407444;GOOGL
2024-08-27;165.835;166.443;164.460;164.680;11821941;GOOGL
2024-08-26;166.380;167.550;164.455;166.160;14190417;GOOGL
2024-08-23;164.720;166.180;163.830;165.620;13955741;GOOGL
2024-08-22;167.260;167.590;163.310;163.800;22493275;GOOGL
2024-08-21;165.150;166.850;164.670;165.850;22901997;GOOGL
2024-08-20;166.900;168.640;166.820;167.180;18341533;GOOGL
2024-08-19;165.280;166.690;164.260;166.670;22416185;GOOGL
2024-08-16;161.470;165.060;161.130;162.960;24208647;GOOGL
2024-08-15;160.500;161.635;159.610;161.300;31524252;GOOGL
2024-08-14;162.400;163.220;157.710;160.370;40591126;GOOGL
2024-08-13;163.410;164.730;162.970;164.160;18551690;GOOGL
2024-08-12;164.350;164.900;161.840;162.290;15895286;GOOGL
2024-08-09;160.010;163.790;159.060;163.670;28602285;GOOGL
2024-08-08;160.510;163.690;160.210;162.030;25578839;GOOGL
2024-08-07;161.250;162.980;158.470;158.940;25138573;GOOGL
2024-08-06;159.330;160.570;156.410;158.290;49004561;GOOGL
2024-08-05;155.500;164.430;154.930;159.250;53630673;GOOGL
2024-08-02;166.440;168.510;164.670;166.660;29130102;GOOGL
2024-08-01;170.250;174.050;168.880;170.760;24531392;GOOGL
2024-07-31;173.240;174.245;170.010;171.540;25729090;GOOGL
2024-12-19;31.190;31.540;30.910;31.140;47032100;ITUB4.SA
2024-12-18;31.770;31.840;30.870;30.970;51334600;ITUB4.SA
2024-12-17;31.800;32.180;31.600;31.880;40112700;ITUB4.SA
2024-12-16;32.010;32.110;31.710;31.710;33022600;ITUB4.SA
2024-12-13;32.530;32.630;32.050;32.060;24711700;ITUB4.SA
2024-12-12;33.000;33.180;32.370;32.480;24253800;ITUB4.SA
2024-12-11;33.020;33.750;32.650;33.310;31761400;ITUB4.SA
2024-12-10;32.740;33.170;32.700;32.990;18930200;ITUB4.SA
2024-12-09;32.750;33.130;32.750;32.860;16173000;ITUB4.SA
2024-12-06;33.280;33.390;32.680;32.700;21391400;ITUB4.SA
2024-12-05;32.980;33.500;32.800;33.380;32610100;ITUB4.SA
2024-12-04;32.410;32.850;32.360;32.680;22165100;ITUB4.SA
2024-12-03;32.210;32.520;32.180;32.480;20615600;ITUB4.SA
2024-12-02;32.390;32.650;32.000;32.120;22086700;ITUB4.SA
2024-11-29;32.760;32.930;32.180;32.600;36823900;ITUB4.SA
2024-11-28;33.770;33.830;32.630;32.680;39103200;ITUB4.SA
2024-11-27;34.680;34.850;33.720;33.900;23668200;ITUB4.SA
2024-11-26;34.200;35.160;34.170;34.750;26712200;ITUB4.SA
2024-11-25;34.090;34.210;33.970;34.100;23845800;ITUB4.SA
2024-11-22;34.400;34.400;33.940;34.110;12889800;ITUB4.SA
2024-11-21;34.240;34.430;34.010;34.010;25355200;ITUB4.SA
2024-11-19;34.300;34.700;34.160;34.610;15904500;ITUB4.SA
2024-11-18;34.380;34.570;34.220;34.300;18502200;ITUB4.SA
2024-11-14;34.450;34.610;34.170;34.420;30903500;ITUB4.SA
2024-11-13;34.800;34.850;34.300;34.520;26218900;ITUB4.SA
2024-11-12;35.150;35.280;34.660;34.700;23469800;ITUB4.SA
2024-11-11;34.960;35.420;34.910;35.120;18250400;ITUB4.SA
2024-11-08;35.070;35.370;34.880;35.080;23166800;ITUB4.SA
2024-11-07;36.130;36.480;35.560;35.640;14842300;ITUB4.SA
2024-11-06;35.870;36.430;35.520;36.170;38887000;ITUB4.SA
2024-11-05;35.700;36.650;35.600;36.340;52524800;ITUB4.SA
2024-11-04;35.130;35.540;34.890;35.280;20499900;ITUB4.SA
2024-11-01;35.000;35.300;34.790;34.810;22751600;ITUB4.SA
2024-10-31;35.250;35.610;35.020;35.020;20077800;ITUB4.SA
2024-10-30;35.340;35.590;35.130;35.250;10662900;ITUB4.SA
2024-10-29;35.860;35.940;35.350;35.350;11672800;ITUB4.SA
2024-10-28;35.640;35.910;35.490;35.730;10533000;ITUB4.SA
2024-10-25;35.700;35.780;35.220;35.300;15340000;ITUB4.SA
2024-10-24;35.380;35.830;35.290;35.700;21391700;ITUB4.SA
2024-10-23;35.010;35.400;35.000;35.380;15353400;ITUB4.SA
2024-10-22;35.000;35.250;34.810;35.160;21933400;ITUB4.SA
2024-10-21;35.390;35.420;35.000;35.100;14892400;ITUB4.SA
2024-10-18;35.200;35.380;35.020;35.280;15625000;ITUB4.SA
2024-10-17;34.690;35.430;34.540;35.110;19691800;ITUB4.SA
2024-10-16;35.250;35.270;34.850;35.040;34988700;ITUB4.SA
2024-10-15;34.900;35.310;34.730;35.250;28801300;ITUB4.SA
2024-10-14;34.740;35.070;34.620;34.850;14436100;ITUB4.SA
2024-10-11;34.830;34.970;34.550;34.630;16968500;ITUB4.SA
2024-10-10;34.710;34.970;34.570;34.890;20487100;ITUB4.SA
2024-10-09;35.110;35.200;34.630;34.700;20924100;ITUB4.SA
2024-10-08;35.380;35.510;35.270;35.350;23103400;ITUB4.SA
2024-10-07;35.200;35.320;34.850;35.140;23310400;ITUB4.SA
2024-10-04;34.690;35.140;34.630;34.910;15482400;ITUB4.SA
2024-10-03;35.220;35.320;34.650;34.840;31509700;ITUB4.SA
2024-10-02;35.870;36.260;35.520;35.720;20768200;ITUB4.SA
2024-10-01;36.260;36.310;35.430;35.500;26606300;ITUB4.SA
2024-09-30;36.600;37.000;36.110;36.110;25147200;ITUB4.SA
2024-09-27;36.540;36.860;36.520;36.760;27723900;ITUB4.SA
2024-09-26;36.500;36.890;36.340;36.620;37598800;ITUB4.SA
2024-09-25;35.780;36.170;35.780;36.160;21696900;ITUB4.SA
2024-09-24;36.050;36.330;35.520;35.710;24014400;ITUB4.SA
2024-09-23;35.740;35.980;35.570;35.720;15333800;ITUB4.SA
2024-09-20;36.320;36.480;35.910;35.930;30654600;ITUB4.SA
2024-09-19;36.800;36.880;36.370;36.600;23841600;ITUB4.SA
2024-09-18;36.850;37.030;36.560;36.700;16508200;ITUB4.SA
2024-09-17;36.910;36.980;36.660;36.910;17636100;ITUB4.SA
2024-09-16;37.060;37.220;36.830;37.000;10814500;ITUB4.SA
2024-09-13;37.160;37.330;36.580;37.010;20220400;ITUB4.SA
2024-09-12;37.210;37.280;36.700;36.970;14394900;ITUB4.SA
2024-09-11;37.380;37.540;37.140;37.380;19666600;ITUB4.SA
2024-09-10;37.050;37.380;37.020;37.310;13327400;ITUB4.SA
2024-09-09;37.020;37.450;36.970;37.310;13666700;ITUB4.SA
2024-09-06;37.580;37.580;36.870;36.950;15947300;ITUB4.SA
2024-09-05;37.300;37.600;37.140;37.480;11564300;ITUB4.SA
2024-09-04;37.150;37.790;37.020;37.240;20311300;ITUB4.SA
2024-09-03;36.490;36.990;36.360;36.980;15736300;ITUB4.SA
2024-09-02;36.570;36.700;36.340;36.390;10168000;ITUB4.SA
2024-08-30;36.830;36.970;36.410;36.700;61647300;ITUB4.SA
2024-08-29;37.190;37.380;36.960;36.960;22221200;ITUB4.SA
2024-08-28;36.360;37.470;36.230;37.370;31881300;ITUB4.SA
2024-08-27;36.530;36.710;36.330;36.580;14639700;ITUB4.SA
2024-08-26;36.530;36.640;36.260;36.540;14399100;ITUB4.SA
2024-08-23;36.790;37.050;36.370;36.460;21752600;ITUB4.SA
2024-08-22;36.320;36.750;36.300;36.740;21460900;ITUB4.SA
2024-08-21;37.330;37.380;36.910;37.080;14132800;ITUB4.SA
2024-08-20;37.000;37.360;36.740;37.230;15760400;ITUB4.SA
2024-08-19;36.880;37.260;36.780;36.960;22266300;ITUB4.SA
2024-08-16;37.240;37.490;36.640;36.740;34482800;ITUB4.SA
2024-08-15;36.670;37.090;36.560;37.050;32635900;ITUB4.SA
2024-08-14;35.590;36.780;35.590;36.470;54240500;ITUB4.SA
2024-08-13;34.850;35.590;34.710;35.590;39538900;ITUB4.SA
2024-08-12;34.670;34.820;34.470;34.610;20965400;ITUB4.SA
2024-08-09;33.800;34.560;33.750;34.560;24139600;ITUB4.SA
2024-08-08;33.850;34.140;33.540;33.650;19625300;ITUB4.SA
2024-08-07;34.050;34.180;33.070;33.770;40658900;ITUB4.SA
2024-08-06;33.010;33.940;33.010;33.680;25812000;ITUB4.SA
2024-08-05;32.450;33.030;32.350;32.950;26510800;ITUB4.SA
2024-08-02;33.490;33.540;32.790;32.950;24143700;ITUB4.SA
2024-08-01;34.020;34.120;33.270;33.370;22633900;ITUB4.SA
2024-07-31;34.260;34.410;33.850;33.880;25302400;ITUB4.SA
2024-12-19;441.620;443.183;436.320;437.030;21418500;MSFT
2024-12-18;451.320;452.650;437.020;437.390;24444545;MSFT
2024-12-17;451.010;455.290;449.570;454.460;22733494;MSFT
2024-12-16;447.270;452.180;445.280;451.590;23598834;MSFT
2024-12-13;448.435;451.430;445.580;447.270;20177833;MSFT
2024-12-12;449.110;456.165;449.110;449.560;20834779;MSFT
2024-12-11;444.050;450.350;444.050;448.990;19200208;MSFT
2024-12-10;444.390;449.620;441.600;443.330;18469459;MSFT
2024-12-09;442.600;448.330;440.500;446.020;19144388;MSFT
2024-12-06;442.300;446.100;441.770;443.570;18821002;MSFT
2024-12-05;437.920;444.660;436.171;442.620;21697775;MSFT
2024-12-04;433.030;439.670;432.630;437.420;26009429;MSFT
2024-12-03;429.840;432.470;427.740;431.200;18301987;MSFT
2024-12-02;421.570;433.000;421.310;430.980;20207223;MSFT
2024-11-29;420.090;424.880;417.800;423.460;16271921;MSFT
2024-11-27;425.105;427.230;422.020;422.990;18332444;MSFT
2024-11-26;419.585;429.041;418.850;427.990;23458889;MSFT
2024-11-25;418.380;421.080;414.850;418.790;27691090;MSFT
2024-11-22;411.365;417.400;411.060;417.000;24814626;MSFT
2024-11-21;419.500;419.780;410.289;412.870;20780162;MSFT
2024-11-20;416.870;417.290;410.580;415.490;19191655;MSFT
2024-11-19;413.110;417.940;411.550;417.790;18133529;MSFT
2024-11-18;414.870;418.404;412.100;415.760;24742013;MSFT
2024-11-15;419.820;422.800;413.640;415.000;28247644;MSFT
2024-11-14;425.000;428.170;420.000;426.890;30246881;MSFT
2024-11-13;421.640;429.325;418.210;425.200;21502185;MSFT
2024-11-12;418.250;424.440;417.200;423.030;19401204;MSFT
2024-11-11;422.515;424.810;416.000;418.010;24503321;MSFT
2024-11-08;425.320;426.500;421.780;422.540;16891414;MSFT
2024-11-07;421.280;426.850;419.880;425.430;19901782;MSFT
2024-11-06;412.420;420.450;410.520;420.180;26681842;MSFT
2024-11-05;408.370;414.900;408.080;411.460;17626011;MSFT
2024-11-04;409.800;410.415;405.571;408.460;19672286;MSFT
2024-11-01;409.010;415.500;407.500;410.370;24230442;MSFT
2024-10-31;415.360;416.160;406.300;406.350;53970981;MSFT
2024-10-30;437.435;438.500;432.100;432.530;29749149;MSFT
2024-10-29;428.000;433.170;425.800;431.950;17644080;MSFT
2024-10-28;431.655;431.940;426.300;426.590;14882444;MSFT
2024-10-25;426.760;432.520;426.565;428.150;16899064;MSFT
2024-10-24;425.325;425.978;422.400;424.730;13581631;MSFT
2024-10-23;430.855;431.080;422.530;424.600;19654379;MSFT
2024-10-22;418.490;430.579;418.040;427.510;25482197;MSFT
2024-10-21;416.120;418.960;413.750;418.780;14206115;MSFT
2024-10-18;417.140;419.650;416.260;418.160;17145317;MSFT
2024-10-17;422.360;422.500;415.590;416.720;14820004;MSFT
2024-10-16;415.170;416.360;410.480;416.120;15508932;MSFT
2024-10-15;422.180;422.480;415.260;418.740;18900201;MSFT
2024-10-14;417.770;424.040;417.520;419.140;16653086;MSFT
2024-10-11;416.135;417.130;413.250;416.320;14144944;MSFT
2024-10-10;415.225;417.350;413.150;415.840;13848376;MSFT
2024-10-09;415.860;420.380;414.300;417.460;14974257;MSFT
2024-10-08;410.900;415.660;408.170;414.710;19229261;MSFT
2024-10-07;416.000;417.110;409.000;409.540;20919761;MSFT
2024-10-04;418.240;419.750;414.970;416.060;19190913;MSFT
2024-10-03;417.630;419.550;414.290;416.540;13686421;MSFT
2024-10-02;422.580;422.820;416.710;417.130;16582257;MSFT
2024-10-01;428.450;428.480;418.810;420.690;19092945;MSFT
2024-09-30;428.210;430.420;425.370;430.300;16854606;MSFT
2024-09-27;431.520;431.850;427.470;428.020;14896131;MSFT
2024-09-26;435.085;435.300;429.130;431.310;14492044;MSFT
2024-09-25;429.830;433.119;428.570;432.110;13396364;MSFT
2024-09-24;433.000;433.350;426.100;429.170;17015754;MSFT
2024-09-23;434.280;436.460;430.389;433.510;15128891;MSFT
2024-09-20;437.220;439.240;434.220;435.270;55167106;MSFT
2024-09-19;441.225;441.500;436.900;438.690;21706559;MSFT
2024-09-18;435.000;436.030;430.410;430.810;18898042;MSFT
2024-09-17;440.230;441.850;432.270;435.150;18874231;MSFT
2024-09-16;430.600;433.530;428.220;431.340;13834697;MSFT
2024-09-13;425.825;431.830;425.460;430.590;15874555;MSFT
2024-09-12;423.310;427.369;419.750;427.000;17418759;MSFT
2024-09-11;415.500;423.990;409.580;423.040;19266923;MSFT
2024-09-10;408.200;416.330;407.700;414.200;19594287;MSFT
2024-09-09;407.240;408.650;402.150;405.720;15295134;MSFT
2024-09-06;409.060;410.650;400.800;401.700;19609526;MSFT
2024-09-05;407.620;413.100;406.130;408.390;14195516;MSFT
2024-09-04;405.910;411.240;404.370;408.900;14886710;MSFT
2024-09-03;417.910;419.880;407.030;409.440;20313603;MSFT
2024-08-30;415.600;417.490;412.130;417.140;24308324;MSFT
2024-08-29;414.940;422.050;410.600;413.120;17045241;MSFT
2024-08-28;414.880;415.000;407.310;410.600;14882660;MSFT
2024-08-27;412.860;414.360;410.250;413.840;13492911;MSFT
2024-08-26;416.365;417.280;411.340;413.490;13152830;MSFT
2024-08-23;416.980;419.260;412.090;416.790;18493784;MSFT
2024-08-22;424.360;426.790;414.610;415.550;19361901;MSFT
2024-08-21;424.075;426.400;421.720;424.140;16067298;MSFT
2024-08-20;421.700;425.860;421.640;424.800;16387581;MSFT
2024-08-19;418.960;421.750;416.460;421.530;15233957;MSFT
2024-08-16;420.600;421.340;417.300;418.470;22775593;MSFT
2024-08-15;419.800;421.110;417.660;421.030;20752144;MSFT
2024-08-14;414.800;417.720;412.446;416.860;18266980;MSFT
2024-08-13;409.590;414.950;409.570;414.010;19414271;MSFT
2024-08-12;407.060;408.760;404.243;406.810;16762883;MSFT
2024-08-09;404.030;408.050;402.262;406.020;19276666;MSFT
2024-08-08;402.440;405.860;399.941;402.690;20203030;MSFT
2024-08-07;408.635;410.080;397.470;398.430;20650906;MSFT
2024-08-06;400.000;405.670;398.500;399.610;24946525;MSFT
2024-08-05;389.170;401.040;385.580;395.150;40709238;MSFT
2024-08-02;412.490;415.000;404.340;408.490;29437900;MSFT
2024-08-01;420.785;427.460;413.090;417.110;30296400;MSFT
2024-07-31;420.495;421.775;412.210;418.350;42891366;MSFT
2024-12-19;37.660;37.930;36.980;37.160;43268400;PETR4.SA
2024-12-18;38.280;38.400;37.310;37.310;58126400;PETR4.SA
2024-12-17;37.940;38.490;37.830;38.300;39617200;PETR4.SA
2024-12-16;38.190;38.260;37.830;37.940;21349400;PETR4.SA
2024-12-13;38.600;38.730;37.920;38.100;23235400;PETR4.SA
2024-12-12;38.720;38.890;38.120;38.340;38310600;PETR4.SA
2024-12-11;40.350;40.760;39.950;40.590;46900900;PETR4.SA
2024-12-10;40.300;40.430;40.110;40.190;21837600;PETR4.SA
2024-12-09;39.380;40.170;39.360;40.040;28548700;PETR4.SA
2024-12-06;39.640;39.700;38.960;39.030;31118500;PETR4.SA
2024-12-05;39.390;39.810;39.210;39.640;25214200;PETR4.SA
2024-12-04;39.500;39.860;38.980;39.250;31584400;PETR4.SA
2024-12-03;39.400;39.500;39.080;39.500;22536200;PETR4.SA
2024-12-02;38.900;39.400;38.770;39.150;31711800;PETR4.SA
2024-11-29;38.500;39.220;38.410;38.900;44011700;PETR4.SA
2024-11-28;38.810;39.300;38.380;38.590;33113500;PETR4.SA
2024-11-27;39.200;39.360;38.750;38.990;30600700;PETR4.SA
2024-11-26;39.360;39.510;39.060;39.130;35188200;PETR4.SA
2024-11-25;39.380;39.860;39.150;39.180;41119500;PETR4.SA
2024-11-22;38.710;39.830;38.470;39.420;85234900;PETR4.SA
2024-11-21;37.970;38.130;37.550;37.910;36048400;PETR4.SA
2024-11-19;38.100;38.300;37.650;37.800;26002700;PETR4.SA
2024-11-18;37.200;38.300;37.200;38.200;39004100;PETR4.SA
2024-11-14;36.920;37.330;36.860;37.270;30262100;PETR4.SA
2024-11-13;36.950;37.070;36.530;36.880;34090000;PETR4.SA
2024-11-12;36.360;37.110;36.340;36.930;39412300;PETR4.SA
2024-11-11;35.990;36.420;35.900;36.250;21446300;PETR4.SA
2024-11-08;35.850;36.320;35.540;36.180;49865100;PETR4.SA
2024-11-07;35.490;35.890;35.270;35.510;34081200;PETR4.SA
2024-11-06;35.050;35.460;35.040;35.400;28440800;PETR4.SA
2024-11-05;35.500;35.600;35.030;35.390;23990600;PETR4.SA
2024-11-04;35.900;35.950;35.380;35.500;24003600;PETR4.SA
2024-11-01;36.200;36.370;35.300;35.420;30605300;PETR4.SA
2024-10-31;35.870;36.050;35.630;35.910;25597000;PETR4.SA
2024-10-30;36.120;36.370;35.850;35.850;26144700;PETR4.SA
2024-10-29;36.330;36.420;35.800;36.010;26090200;PETR4.SA
2024-10-28;35.490;36.130;35.340;36.090;27507100;PETR4.SA
2024-10-25;35.960;36.490;35.850;36.150;32585900;PETR4.SA
2024-10-24;35.850;36.030;35.560;35.900;23058900;PETR4.SA
2024-10-23;35.910;35.940;35.570;35.660;30769100;PETR4.SA
2024-10-22;36.200;36.300;35.990;36.110;29144300;PETR4.SA
2024-10-21;37.000;37.050;36.200;36.250;28390000;PETR4.SA
2024-10-18;36.980;37.070;36.410;36.830;32000800;PETR4.SA
2024-10-17;37.210;37.210;36.690;36.930;22174300;PETR4.SA
2024-10-16;37.550;37.580;37.190;37.210;23041200;PETR4.SA
2024-10-15;37.210;37.410;37.060;37.400;28204600;PETR4.SA
2024-10-14;37.470;37.900;37.350;37.710;22279000;PETR4.SA
2024-10-11;37.600;37.650;37.320;37.620;16343000;PETR4.SA
2024-10-10;37.400;37.740;37.320;37.650;20630100;PETR4.SA
2024-10-09;37.370;37.520;37.010;37.220;30789800;PETR4.SA
2024-10-08;37.470;37.750;37.450;37.600;34142000;PETR4.SA
2024-10-07;38.040;38.380;37.900;38.370;36418000;PETR4.SA
2024-10-04;38.150;38.200;37.670;37.840;22526800;PETR4.SA
2024-10-03;37.440;38.040;37.210;37.940;31033000;PETR4.SA
2024-10-02;37.750;37.930;37.350;37.480;32014500;PETR4.SA
2024-10-01;36.010;37.520;35.830;36.970;49748200;PETR4.SA
2024-09-30;36.160;36.280;35.920;36.010;21146300;PETR4.SA
2024-09-27;36.380;36.380;35.930;36.110;34537400;PETR4.SA
2024-09-26;36.920;36.920;35.970;36.250;58048200;PETR4.SA
2024-09-25;37.100;37.430;36.960;37.050;38655300;PETR4.SA
2024-09-24;37.230;37.310;36.720;36.780;35104100;PETR4.SA
2024-09-23;36.390;36.960;36.220;36.630;28218500;PETR4.SA
2024-09-20;36.270;36.400;36.070;36.260;48336200;PETR4.SA
2024-09-19;36.570;36.780;36.190;36.270;25059700;PETR4.SA
2024-09-18;36.910;36.930;36.150;36.150;38777000;PETR4.SA
2024-09-17;37.170;37.190;36.700;37.040;23443700;PETR4.SA
2024-09-16;37.240;37.720;37.160;37.210;22614800;PETR4.SA
2024-09-13;37.110;37.550;36.590;36.700;34729600;PETR4.SA
2024-09-12;37.290;37.320;36.750;36.870;22103300;PETR4.SA
2024-09-11;37.760;37.830;36.870;37.290;32907000;PETR4.SA
2024-09-10;37.920;37.920;37.000;37.330;37263500;PETR4.SA
2024-09-09;37.840;38.250;37.610;37.960;30521800;PETR4.SA
2024-09-06;38.370;38.450;37.470;37.550;32971700;PETR4.SA
2024-09-05;38.650;38.890;38.300;38.300;26206600;PETR4.SA
2024-09-04;38.740;38.920;38.520;38.540;28851300;PETR4.SA
2024-09-03;38.790;38.820;38.380;38.530;35866300;PETR4.SA
2024-09-02;39.330;39.400;38.890;39.000;15288400;PETR4.SA
2024-08-30;39.220;39.650;38.880;39.370;84437200;PETR4.SA
2024-08-29;39.650;39.830;39.280;39.330;25356600;PETR4.SA
2024-08-28;38.940;39.860;38.780;39.600;43284500;PETR4.SA
2024-08-27;39.250;39.370;38.950;39.040;35073100;PETR4.SA
2024-08-26;37.860;39.610;37.710;39.570;102270300;PETR4.SA
2024-08-23;37.370;37.530;36.890;36.890;29239000;PETR4.SA
2024-08-22;37.280;37.300;36.860;37.120;26334300;PETR4.SA
2024-08-21;38.680;38.790;37.940;38.060;38491900;PETR4.SA
2024-08-20;38.500;38.680;37.890;38.290;27322600;PETR4.SA
2024-08-19;38.600;38.790;38.400;38.440;28138200;PETR4.SA
2024-08-16;38.170;38.770;38.030;38.500;35472700;PETR4.SA
2024-08-15;38.050;38.560;38.000;38.340;33409000;PETR4.SA
2024-08-14;37.190;38.000;37.160;37.760;37955500;PETR4.SA
2024-08-13;37.530;37.630;36.970;37.110;28557200;PETR4.SA
2024-08-12;36.800;37.810;36.800;37.340;39655100;PETR4.SA
2024-08-09;36.130;36.950;35.580;36.510;66082100;PETR4.SA
2024-08-08;36.350;36.950;36.160;36.850;29870300;PETR4.SA
2024-08-07;36.700;36.750;36.000;36.270;25020500;PETR4.SA
2024-08-06;35.600;36.660;35.340;36.320;36009000;PETR4.SA
2024-08-05;34.800;35.700;34.600;35.700;44765900;PETR4.SA
2024-08-02;36.720;36.800;35.730;35.730;36483900;PETR4.SA
2024-08-01;37.750;37.830;36.790;36.840;29756300;PETR4.SA
2024-07-31;37.050;37.410;36.960;37.410;28561100;PETR4.SA
2024-12-19;55.020;55.170;53.600;53.770;29529900;VALE3.SA
2024-12-18;55.770;55.870;54.760;54.810;34658200;VALE3.SA
2024-12-17;55.880;56.400;55.650;56.110;22987600;VALE3.SA
2024-12-16;55.850;56.540;55.340;55.830;18958500;VALE3.SA
2024-12-13;56.480;56.710;55.700;55.860;18532800;VALE3.SA
2024-12-12;57.400;57.680;56.670;56.710;28841800;VALE3.SA
2024-12-11;59.500;59.590;58.450;58.840;30138500;VALE3.SA
2024-12-10;59.740;59.940;59.290;59.770;13089300;VALE3.SA
2024-12-09;58.500;60.190;58.370;59.830;40440600;VALE3.SA
2024-12-06;57.470;57.660;56.750;56.810;17897900;VALE3.SA
2024-12-05;57.460;57.800;56.870;57.800;14160000;VALE3.SA
2024-12-04;58.400;58.480;56.960;57.330;25109200;VALE3.SA
2024-12-03;59.300;59.360;58.470;58.470;15957500;VALE3.SA
2024-12-02;58.850;59.380;58.690;58.920;18972100;VALE3.SA
2024-11-29;58.250;59.210;58.150;58.780;31023600;VALE3.SA
2024-11-28;57.900;58.800;57.270;57.530;20467000;VALE3.SA
2024-11-27;57.870;58.420;57.600;58.130;22121200;VALE3.SA
2024-11-26;58.290;58.490;57.150;57.430;21406600;VALE3.SA
2024-11-25;58.180;58.560;58.120;58.170;17444500;VALE3.SA
2024-11-22;57.440;58.270;57.250;58.180;12590500;VALE3.SA
2024-11-21;57.500;57.800;57.210;57.620;15428500;VALE3.SA
2024-11-19;57.800;57.980;57.460;57.680;12902100;VALE3.SA
2024-11-18;57.090;57.780;56.970;57.550;14300000;VALE3.SA
2024-11-14;57.160;57.340;56.840;56.840;17967600;VALE3.SA
2024-11-13;57.320;57.720;57.110;57.160;20354900;VALE3.SA
2024-11-12;58.580;58.590;57.200;57.320;26967600;VALE3.SA
2024-11-11;59.750;59.870;58.650;58.650;24483700;VALE3.SA
2024-11-08;61.990;62.050;59.700;60.630;48764700;VALE3.SA
2024-11-07;62.020;63.990;62.000;63.560;38173300;VALE3.SA
2024-11-06;61.300;61.630;60.740;61.420;19726800;VALE3.SA
2024-11-05;62.950;63.110;61.960;62.120;16368800;VALE3.SA
2024-11-04;62.400;62.870;62.120;62.670;12360000;VALE3.SA
2024-11-01;62.140;62.440;61.790;62.030;15236400;VALE3.SA
2024-10-31;62.340;62.590;61.800;62.060;16553300;VALE3.SA
2024-10-30;62.500;62.690;62.120;62.470;12263300;VALE3.SA
2024-10-29;63.250;63.440;62.650;62.660;14941700;VALE3.SA
2024-10-28;62.500;62.880;62.190;62.880;16572400;VALE3.SA
2024-10-25;60.570;62.470;60.520;61.730;38466000;VALE3.SA
2024-10-24;59.340;59.700;59.210;59.700;11331700;VALE3.SA
2024-10-23;59.890;59.900;59.150;59.350;18289900;VALE3.SA
2024-10-22;60.150;60.660;59.900;60.410;14814000;VALE3.SA
2024-10-21;61.350;61.380;60.270;60.330;19044900;VALE3.SA
2024-10-18;61.190;61.470;60.460;60.550;21823500;VALE3.SA
2024-10-17;61.020;61.320;60.640;60.760;20345200;VALE3.SA
2024-10-16;61.930;62.380;61.580;62.340;29731800;VALE3.SA
2024-10-15;61.100;61.200;60.570;61.170;25559300;VALE3.SA
2024-10-14;62.320;62.520;61.330;61.930;44954000;VALE3.SA
2024-10-11;60.990;62.270;60.980;62.130;20939400;VALE3.SA
2024-10-10;61.450;61.450;60.750;61.250;17192100;VALE3.SA
2024-10-09;60.670;61.060;60.250;60.960;22758400;VALE3.SA
2024-10-08;60.810;61.120;60.650;61.120;38028100;VALE3.SA
2024-10-07;62.900;63.740;62.440;63.030;22467400;VALE3.SA
2024-10-04;62.920;63.010;62.300;62.480;16268300;VALE3.SA
2024-10-03;63.630;63.800;62.430;62.940;26675400;VALE3.SA
2024-10-02;64.420;65.350;63.970;64.170;20310600;VALE3.SA
2024-10-01;63.500;64.250;63.150;63.820;18091500;VALE3.SA
2024-09-30;65.320;65.320;63.510;63.510;28980300;VALE3.SA
2024-09-27;64.700;65.040;63.170;63.960;37237900;VALE3.SA
2024-09-26;62.600;64.380;62.450;64.250;61449300;VALE3.SA
2024-09-25;60.720;61.250;60.420;60.610;21557700;VALE3.SA
2024-09-24;60.210;60.740;59.640;60.340;44910100;VALE3.SA
2024-09-23;57.090;57.860;56.600;57.530;18164700;VALE3.SA
2024-09-20;57.710;58.160;56.950;57.350;30842600;VALE3.SA
2024-09-19;58.570;58.850;58.170;58.230;19328400;VALE3.SA
2024-09-18;57.590;58.170;57.450;57.540;14429800;VALE3.SA
2024-09-17;58.370;58.550;57.900;58.220;12056600;VALE3.SA
2024-09-16;58.430;58.550;58.080;58.500;10548000;VALE3.SA
2024-09-13;58.100;59.000;58.030;58.500;15045100;VALE3.SA
2024-09-12;58.100;58.540;57.960;58.110;17929800;VALE3.SA
2024-09-11;56.740;57.650;56.710;57.590;25592400;VALE3.SA
2024-09-10;56.840;56.900;55.930;56.000;17580600;VALE3.SA
2024-09-09;57.110;57.340;56.670;56.680;10204400;VALE3.SA
2024-09-06;57.500;57.520;56.580;56.680;17917900;VALE3.SA
2024-09-05;56.890;57.640;56.730;57.400;16585500;VALE3.SA
2024-09-04;56.700;57.440;56.470;56.990;19501800;VALE3.SA
2024-09-03;57.950;57.950;56.470;56.550;29504400;VALE3.SA
2024-09-02;58.820;58.880;58.420;58.740;13155000;VALE3.SA
2024-08-30;59.120;59.730;59.080;59.580;36685200;VALE3.SA
2024-08-29;59.410;59.970;59.100;59.300;19175500;VALE3.SA
2024-08-28;59.370;59.500;58.680;59.370;21280300;VALE3.SA
2024-08-27;59.700;60.140;59.090;59.800;35232600;VALE3.SA
2024-08-26;58.500;58.550;58.050;58.050;17168700;VALE3.SA
2024-08-23;58.260;58.380;57.250;57.400;24018700;VALE3.SA
2024-08-22;58.240;58.380;57.850;58.380;17719100;VALE3.SA
2024-08-21;58.250;58.560;58.100;58.300;23200300;VALE3.SA
2024-08-20;57.380;57.590;56.810;57.200;19475800;VALE3.SA
2024-08-19;56.520;57.520;56.360;56.980;28349600;VALE3.SA
2024-08-16;55.950;56.090;55.530;56.080;44280200;VALE3.SA
2024-08-15;55.900;56.360;55.690;56.230;28153700;VALE3.SA
2024-08-14;55.960;56.090;55.480;56.000;51693500;VALE3.SA
2024-08-13;56.990;56.990;56.520;56.520;26100900;VALE3.SA
2024-08-12;57.100;57.110;56.520;56.770;18421500;VALE3.SA
2024-08-09;57.120;57.160;56.500;57.060;21989300;VALE3.SA
2024-08-08;57.030;57.500;56.820;56.850;14584800;VALE3.SA
2024-08-07;57.310;57.590;57.020;57.200;19243400;VALE3.SA
2024-08-06;56.740;57.520;56.300;57.310;23930200;VALE3.SA
2024-08-05;56.310;57.390;55.900;57.020;24635900;VALE3.SA
2024-08-02;60.640;60.850;59.360;59.410;35296000;VALE3.SA
2024-08-01;61.850;61.870;60.220;60.250;40469400;VALE3.SA
2024-07-31;60.910;61.680;60.760;61.630;34433100;VALE3.SA
