"data";"ativo";"preco_abertura";"preco_alto";"preco_baixo";"preco_fechamento";"volume_negociado";"indicador";"valor_indicador";"rendimento_tesouro"
2024-12-18;VALE3.SA;55.770;55.870;54.760;54.810;34658200;Double Exponential Moving Average (DEMA);56.216;4.350
2024-12-18;PETR4.SA;38.280;38.400;37.310;37.310;58126400;Weighted Moving Average (WMA);38.485;4.350
2024-12-18;MSFT;451.320;452.650;437.020;437.390;24444545;Commodity Channel Index (CCI);-88.171;4.350
2024-12-18;ITUB4.SA;31.770;31.840;30.870;30.970;51334600;Triple Exponential Moving Average (TEMA);31.903;4.350
2024-12-18;GOOGL;195.220;197.000;187.740;188.400;34166074;Simple Moving Average (SMA);186.046;4.350
2024-12-18;AAPL;252.160;254.280;247.740;248.050;56774101;Exponential Moving Average (EMA);246.572;4.350
2024-12-17;VALE3.SA;55.880;56.400;55.650;56.110;22987600;Double Exponential Moving Average (DEMA);56.569;4.250
2024-12-17;PETR4.SA;37.940;38.490;37.830;38.300;39617200;Weighted Moving Average (WMA);38.514;4.250
2024-12-17;MSFT;451.010;455.290;449.570;454.460;22733494;Commodity Channel Index (CCI);118.836;4.250
2024-12-17;ITUB4.SA;31.800;32.180;31.600;31.880;40112700;Triple Exponential Moving Average (TEMA);32.109;4.250
2024-12-17;GOOGL;197.250;201.420;194.980;195.420;43504025;Simple Moving Average (SMA);183.619;4.250
2024-12-17;AAPL;250.080;253.830;249.780;253.480;51356360;Exponential Moving Average (EMA);245.331;4.250
2024-12-16;VALE3.SA;55.850;56.540;55.340;55.830;18958500;Double Exponential Moving Average (DEMA);57.008;4.250
2024-12-16;PETR4.SA;38.190;38.260;37.830;37.940;21349400;Weighted Moving Average (WMA);38.603;4.250
2024-12-16;MSFT;447.270;452.180;445.280;451.590;23598834;Commodity Channel Index (CCI);81.732;4.250
2024-12-16;ITUB4.SA;32.010;32.110;31.710;31.710;33022600;Triple Exponential Moving Average (TEMA);32.412;4.250
2024-12-16;GOOGL;192.870;199.000;192.620;196.660;44934901;Simple Moving Average (SMA);181.023;4.250
2024-12-16;AAPL;247.990;251.380;247.650;251.040;51694753;Exponential Moving Average (EMA);244.275;4.250
2024-12-13;VALE3.SA;56.480;56.710;55.700;55.860;18532800;Double Exponential Moving Average (DEMA);57.622;4.250
2024-12-13;PETR4.SA;38.600;38.730;37.920;38.100;23235400;Weighted Moving Average (WMA);38.632;4.250
2024-12-13;MSFT;448.435;451.430;445.580;447.270;20177833;Commodity Channel Index (CCI);69.129;4.250
2024-12-13;ITUB4.SA;32.530;32.630;32.050;32.060;24711700;Triple Exponential Moving Average (TEMA);32.730;4.250
2024-12-13;GOOGL;191.010;192.730;189.640;189.820;25143495;Simple Moving Average (SMA);178.594;4.250
2024-12-13;AAPL;247.815;249.290;246.240;248.130;33155290;Exponential Moving Average (EMA);243.450;4.250
2024-12-12;VALE3.SA;57.400;57.680;56.670;56.710;28841800;Double Exponential Moving Average (DEMA);58.172;4.180
2024-12-12;PETR4.SA;38.720;38.890;38.120;38.340;38310600;Weighted Moving Average (WMA);38.558;4.180
2024-12-12;MSFT;449.110;456.165;449.110;449.560;20834779;Commodity Channel Index (CCI);105.919;4.180
2024-12-12;ITUB4.SA;33.000;33.180;32.370;32.480;24253800;Triple Exponential Moving Average (TEMA);32.856;4.180
2024-12-12;GOOGL;195.000;195.180;191.710;191.960;34817486;Simple Moving Average (SMA);176.324;4.180
2024-12-12;AAPL;246.890;248.740;245.680;247.960;32777532;Exponential Moving Average (EMA);242.479;4.180
2024-12-11;VALE3.SA;59.500;59.590;58.450;58.840;30138500;Double Exponential Moving Average (DEMA);58.500;4.150
2024-12-11;PETR4.SA;40.350;40.760;39.950;40.590;46900900;Weighted Moving Average (WMA);38.436;4.150
2024-12-11;MSFT;444.050;450.350;444.050;448.990;19200208;Commodity Channel Index (CCI);93.351;4.150
2024-12-11;ITUB4.SA;33.020;33.750;32.650;33.310;31761400;Triple Exponential Moving Average (TEMA);32.732;4.150
2024-12-11;GOOGL;185.310;195.610;184.850;195.400;67894071;Simple Moving Average (SMA);173.704;4.150
2024-12-11;AAPL;247.960;250.800;246.260;246.490;45205814;Exponential Moving Average (EMA);241.499;4.150
2024-12-10;VALE3.SA;59.740;59.940;59.290;59.770;13089300;Double Exponential Moving Average (DEMA);58.003;4.150
2024-12-10;PETR4.SA;40.300;40.430;40.110;40.190;21837600;Weighted Moving Average (WMA);37.970;4.150
2024-12-10;MSFT;444.390;449.620;441.600;443.330;18469459;Commodity Channel Index (CCI);87.918;4.150
2024-12-10;ITUB4.SA;32.740;33.170;32.700;32.990;18930200;Triple Exponential Moving Average (TEMA);32.541;4.150
2024-12-10;GOOGL;182.845;186.360;181.050;185.170;54813022;Simple Moving Average (SMA);171.917;4.150
2024-12-10;AAPL;246.890;248.210;245.340;247.770;36914806;Exponential Moving Average (EMA);240.064;4.150
2024-12-09;VALE3.SA;58.500;60.190;58.370;59.830;40440600;Double Exponential Moving Average (DEMA);57.459;4.130
2024-12-09;PETR4.SA;39.380;40.170;39.360;40.040;28548700;Weighted Moving Average (WMA);37.779;4.130
2024-12-09;MSFT;442.600;448.330;440.500;446.020;19144388;Commodity Channel Index (CCI);110.748;4.130
2024-12-09;ITUB4.SA;32.750;33.130;32.750;32.860;16173000;Triple Exponential Moving Average (TEMA);32.460;4.130
2024-12-09;GOOGL;173.960;176.260;173.650;175.370;25389631;Simple Moving Average (SMA);170.223;4.130
2024-12-09;AAPL;241.830;247.240;241.750;246.750;44649232;Exponential Moving Average (EMA);238.547;4.130
2024-12-06;VALE3.SA;57.470;57.660;56.750;56.810;17897900;Double Exponential Moving Average (DEMA);57.279;4.100
2024-12-06;PETR4.SA;39.640;39.700;38.960;39.030;31118500;Weighted Moving Average (WMA);37.749;4.100
2024-12-06;MSFT;442.300;446.100;441.770;443.570;18821002;Commodity Channel Index (CCI);134.438;4.100
2024-12-06;ITUB4.SA;33.280;33.390;32.680;32.700;21391400;Triple Exponential Moving Average (TEMA);32.352;4.100
2024-12-06;GOOGL;172.030;175.080;171.860;174.710;21462393;Simple Moving Average (SMA);169.393;4.100
2024-12-06;AAPL;242.905;244.630;242.080;242.840;36870619;Exponential Moving Average (EMA);237.817;4.100
2024-12-05;VALE3.SA;57.460;57.800;56.870;57.800;14160000;Double Exponential Moving Average (DEMA);57.500;4.150
2024-12-05;PETR4.SA;39.390;39.810;39.210;39.640;25214200;Weighted Moving Average (WMA);37.657;4.150
2024-12-05;MSFT;437.920;444.660;436.171;442.620;21697775;Commodity Channel Index (CCI);151.260;4.150
2024-12-05;ITUB4.SA;32.980;33.500;32.800;33.380;32610100;Triple Exponential Moving Average (TEMA);32.076;4.150
2024-12-05;GOOGL;175.360;176.060;172.330;172.640;21356243;Simple Moving Average (SMA);169.580;4.150
2024-12-05;AAPL;243.990;244.540;242.130;243.040;40033878;Exponential Moving Average (EMA);236.686;4.150
2024-12-04;VALE3.SA;58.400;58.480;56.960;57.330;25109200;Double Exponential Moving Average (DEMA);57.808;4.130
2024-12-04;PETR4.SA;39.500;39.860;38.980;39.250;31584400;Weighted Moving Average (WMA);37.584;4.130
2024-12-04;MSFT;433.030;439.670;432.630;437.420;26009429;Commodity Channel Index (CCI);149.131;4.130
2024-12-04;ITUB4.SA;32.410;32.850;32.360;32.680;22165100;Triple Exponential Moving Average (TEMA);31.904;4.130
2024-12-04;GOOGL;171.145;174.910;171.060;174.370;31615137;Simple Moving Average (SMA);169.777;4.130
2024-12-04;AAPL;242.870;244.110;241.250;243.010;44383935;Exponential Moving Average (EMA);235.063;4.130
2024-12-03;VALE3.SA;59.300;59.360;58.470;58.470;15957500;Double Exponential Moving Average (DEMA);57.812;4.170
2024-12-03;PETR4.SA;39.400;39.500;39.080;39.500;22536200;Weighted Moving Average (WMA);37.467;4.170
2024-12-03;MSFT;429.840;432.470;427.740;431.200;18301987;Commodity Channel Index (CCI);120.994;4.170
2024-12-03;ITUB4.SA;32.210;32.520;32.180;32.480;20615600;Triple Exponential Moving Average (TEMA);32.073;4.170
2024-12-03;GOOGL;171.490;172.680;170.850;171.340;22248705;Simple Moving Average (SMA);170.035;4.170
2024-12-03;AAPL;239.810;242.760;238.900;242.650;38861017;Exponential Moving Average (EMA);233.329;4.170
2024-12-02;VALE3.SA;58.850;59.380;58.690;58.920;18972100;Double Exponential Moving Average (DEMA);57.425;4.170
2024-12-02;PETR4.SA;38.900;39.400;38.770;39.150;31711800;Weighted Moving Average (WMA);37.330;4.170
2024-12-02;MSFT;421.570;433.000;421.310;430.980;20207223;Commodity Channel Index (CCI);132.363;4.170
2024-12-02;ITUB4.SA;32.390;32.650;32.000;32.120;22086700;Triple Exponential Moving Average (TEMA);32.502;4.170
2024-12-02;GOOGL;168.765;172.075;168.570;171.490;23789084;Simple Moving Average (SMA);170.227;4.170
2024-12-02;AAPL;237.270;240.790;237.160;239.590;48137103;Exponential Moving Average (EMA);231.888;4.170
2024-11-29;VALE3.SA;58.250;59.210;58.150;58.780;31023600;Double Exponential Moving Average (DEMA);57.113;4.130
2024-11-29;PETR4.SA;38.500;39.220;38.410;38.900;44011700;Weighted Moving Average (WMA);37.245;4.130
2024-11-29;MSFT;420.090;424.880;417.800;423.460;16271921;Commodity Channel Index (CCI);76.597;4.130
2024-11-29;ITUB4.SA;32.760;32.930;32.180;32.600;36823900;Triple Exponential Moving Average (TEMA);33.058;4.130
2024-11-29;GOOGL;168.500;169.430;167.160;168.950;14257244;Simple Moving Average (SMA);170.723;4.130
2024-11-29;AAPL;234.810;237.810;233.970;237.330;28481377;Exponential Moving Average (EMA);230.692;4.130
2024-11-27;VALE3.SA;57.870;58.420;57.600;58.130;22121200;Double Exponential Moving Average (DEMA);56.952;4.190
2024-11-27;PETR4.SA;39.200;39.360;38.750;38.990;30600700;Weighted Moving Average (WMA);37.064;4.190
2024-11-27;MSFT;425.105;427.230;422.020;422.990;18332444;Commodity Channel Index (CCI);102.726;4.190
2024-11-27;ITUB4.SA;34.680;34.850;33.720;33.900;23668200;Triple Exponential Moving Average (TEMA);33.918;4.190
2024-11-27;GOOGL;169.000;169.483;168.020;169.230;19266511;Simple Moving Average (SMA);171.700;4.190
2024-11-27;AAPL;234.465;235.690;233.810;234.930;33498439;Exponential Moving Average (EMA);229.777;4.190
2024-11-26;VALE3.SA;58.290;58.490;57.150;57.430;21406600;Double Exponential Moving Average (DEMA);56.959;4.210
2024-11-26;PETR4.SA;39.360;39.510;39.060;39.130;35188200;Weighted Moving Average (WMA);36.801;4.210
2024-11-26;MSFT;419.585;429.041;418.850;427.990;23458889;Commodity Channel Index (CCI);127.331;4.210
2024-11-26;ITUB4.SA;34.200;35.160;34.170;34.750;26712200;Triple Exponential Moving Average (TEMA);33.703;4.210
2024-11-26;GOOGL;167.630;169.820;167.580;169.120;20486720;Simple Moving Average (SMA);172.845;4.210
2024-11-26;AAPL;233.330;235.570;233.330;235.060;45986189;Exponential Moving Average (EMA);228.735;4.210
2024-11-25;VALE3.SA;58.180;58.560;58.120;58.170;17444500;Double Exponential Moving Average (DEMA);56.804;4.210
2024-11-25;PETR4.SA;39.380;39.860;39.150;39.180;41119500;Weighted Moving Average (WMA);36.448;4.210
2024-11-25;MSFT;418.380;421.080;414.850;418.790;27691090;Commodity Channel Index (CCI);14.230;4.210
2024-11-25;ITUB4.SA;34.090;34.210;33.970;34.100;23845800;Triple Exponential Moving Average (TEMA);33.723;4.210
2024-11-25;GOOGL;166.090;168.630;165.607;167.650;33135263;Simple Moving Average (SMA);174.063;4.210
2024-11-25;AAPL;231.460;233.245;229.740;232.870;90152832;Exponential Moving Average (EMA);227.714;4.210
2024-11-22;VALE3.SA;57.440;58.270;57.250;58.180;12590500;Double Exponential Moving Average (DEMA);56.669;4.370
2024-11-22;PETR4.SA;38.710;39.830;38.470;39.420;85234900;Weighted Moving Average (WMA);36.024;4.370
2024-11-22;MSFT;411.365;417.400;411.060;417.000;24814626;Commodity Channel Index (CCI);-48.857;4.370
2024-11-22;ITUB4.SA;34.400;34.400;33.940;34.110;12889800;Triple Exponential Moving Average (TEMA);33.847;4.370
2024-11-22;GOOGL;165.850;166.460;163.900;164.760;38604587;Simple Moving Average (SMA);175.310;4.370
2024-11-22;AAPL;228.060;230.720;228.060;229.870;38168252;Exponential Moving Average (EMA);226.882;4.370
2024-11-21;VALE3.SA;57.500;57.800;57.210;57.620;15428500;Double Exponential Moving Average (DEMA);56.843;4.340
2024-11-21;PETR4.SA;37.970;38.130;37.550;37.910;36048400;Weighted Moving Average (WMA);35.653;4.340
2024-11-21;MSFT;419.500;419.780;410.289;412.870;20780162;Commodity Channel Index (CCI);-74.783;4.340
2024-11-21;ITUB4.SA;34.240;34.430;34.010;34.010;25355200;Triple Exponential Moving Average (TEMA);33.846;4.340
2024-11-21;GOOGL;173.900;174.130;163.700;167.630;59734379;Simple Moving Average (SMA);176.788;4.340
2024-11-21;AAPL;228.880;230.155;225.710;228.520;42108327;Exponential Moving Average (EMA);226.620;4.340
2024-11-20;MSFT;416.870;417.290;410.580;415.490;19191655;Commodity Channel Index (CCI);-104.055;4.310
2024-11-20;GOOGL;177.340;177.675;173.780;175.980;18997111;Simple Moving Average (SMA);177.139;4.310
2024-11-20;AAPL;228.060;229.930;225.890;229.000;35169566;Exponential Moving Average (EMA);226.118;4.310
2024-11-19;VALE3.SA;57.800;57.980;57.460;57.680;12902100;Double Exponential Moving Average (DEMA);57.081;4.270
2024-11-19;PETR4.SA;38.100;38.300;37.650;37.800;26002700;Weighted Moving Average (WMA);35.369;4.270
2024-11-19;MSFT;413.110;417.940;411.550;417.790;18133529;Commodity Channel Index (CCI);-91.284;4.270
2024-11-19;ITUB4.SA;34.300;34.700;34.160;34.610;15904500;Triple Exponential Moving Average (TEMA);33.974;4.270
2024-11-19;GOOGL;173.720;178.870;173.560;178.120;23434925;Simple Moving Average (SMA);176.785;4.270
2024-11-19;AAPL;226.980;230.160;226.660;228.280;36211774;Exponential Moving Average (EMA);225.687;4.270
2024-11-18;VALE3.SA;57.090;57.780;56.970;57.550;14300000;Double Exponential Moving Average (DEMA);57.301;4.290
2024-11-18;PETR4.SA;37.200;38.300;37.200;38.200;39004100;Weighted Moving Average (WMA);35.023;4.290
2024-11-18;MSFT;414.870;418.404;412.100;415.760;24742013;Commodity Channel Index (CCI);-79.367;4.290
2024-11-18;ITUB4.SA;34.380;34.570;34.220;34.300;18502200;Triple Exponential Moving Average (TEMA);34.146;4.290
2024-11-18;GOOGL;173.420;175.438;172.900;175.300;20206613;Simple Moving Average (SMA);176.356;4.290
2024-11-18;AAPL;225.250;229.740;225.170;228.020;44686020;Exponential Moving Average (EMA);225.399;4.290
2024-11-15;MSFT;419.820;422.800;413.640;415.000;28247644;Commodity Channel Index (CCI);-29.711;4.310
2024-11-15;GOOGL;173.730;174.140;171.220;172.490;32504649;Simple Moving Average (SMA);176.008;4.310
2024-11-15;AAPL;226.400;226.920;224.270;225.000;47923696;Exponential Moving Average (EMA);225.432;4.310
2024-11-14;VALE3.SA;57.160;57.340;56.840;56.840;17967600;Double Exponential Moving Average (DEMA);57.942;4.340
2024-11-14;PETR4.SA;36.920;37.330;36.860;37.270;30262100;Weighted Moving Average (WMA);34.817;4.340
2024-11-14;MSFT;425.000;428.170;420.000;426.890;30246881;Commodity Channel Index (CCI);80.728;4.340
2024-11-14;ITUB4.SA;34.450;34.610;34.170;34.420;30903500;Triple Exponential Moving Average (TEMA);34.368;4.340
2024-11-14;GOOGL;178.280;178.820;174.322;175.580;31007457;Simple Moving Average (SMA);175.642;4.340
2024-11-14;AAPL;225.020;228.870;225.000;228.220;44923941;Exponential Moving Average (EMA);225.217;4.340
2024-11-13;VALE3.SA;57.320;57.720;57.110;57.160;20354900;Double Exponential Moving Average (DEMA);58.802;4.270
2024-11-13;PETR4.SA;36.950;37.070;36.530;36.880;34090000;Weighted Moving Average (WMA);34.641;4.270
2024-11-13;MSFT;421.640;429.325;418.210;425.200;21502185;Commodity Channel Index (CCI);86.197;4.270
2024-11-13;ITUB4.SA;34.800;34.850;34.300;34.520;26218900;Triple Exponential Moving Average (TEMA);34.665;4.270
2024-11-13;GOOGL;180.460;180.960;178.540;178.880;23184003;Simple Moving Average (SMA);175.128;4.270
2024-11-13;AAPL;224.010;226.650;222.760;225.120;48566217;Exponential Moving Average (EMA);225.261;4.270
2024-11-12;VALE3.SA;58.580;58.590;57.200;57.320;26967600;Double Exponential Moving Average (DEMA);59.910;4.340
2024-11-12;PETR4.SA;36.360;37.110;36.340;36.930;39412300;Weighted Moving Average (WMA);34.446;4.340
2024-11-12;MSFT;418.250;424.440;417.200;423.030;19401204;Commodity Channel Index (CCI);35.425;4.340
2024-11-12;ITUB4.SA;35.150;35.280;34.660;34.700;23469800;Triple Exponential Moving Average (TEMA);34.881;4.340
2024-11-12;GOOGL;179.820;182.490;179.390;181.620;25134905;Simple Moving Average (SMA);175.150;4.340
2024-11-12;AAPL;224.550;225.590;223.355;224.230;40398299;Exponential Moving Average (EMA);225.539;4.340
2024-11-08;VALE3.SA;61.990;62.050;59.700;60.630;48764700;Double Exponential Moving Average (DEMA);61.622;4.260
2024-11-08;PETR4.SA;35.850;36.320;35.540;36.180;49865100;Weighted Moving Average (WMA);34.316;4.260
2024-11-08;MSFT;425.320;426.500;421.780;422.540;16891414;Commodity Channel Index (CCI);30.476;4.260
2024-11-08;ITUB4.SA;35.070;35.370;34.880;35.080;23166800;Triple Exponential Moving Average (TEMA);35.240;4.260
2024-11-08;GOOGL;180.645;180.900;178.080;178.350;22006182;Simple Moving Average (SMA);172.960;4.260
2024-11-08;AAPL;227.170;228.660;226.405;226.960;38328824;Exponential Moving Average (EMA);225.927;4.260
2024-11-07;VALE3.SA;62.020;63.990;62.000;63.560;38173300;Double Exponential Moving Average (DEMA);61.657;4.210
2024-11-07;PETR4.SA;35.490;35.890;35.270;35.510;34081200;Weighted Moving Average (WMA);34.306;4.210
2024-11-07;MSFT;421.280;426.850;419.880;425.430;19901782;Commodity Channel Index (CCI);27.841;4.210
2024-11-07;ITUB4.SA;36.130;36.480;35.560;35.640;14842300;Triple Exponential Moving Average (TEMA);35.553;4.210
2024-11-07;GOOGL;177.410;181.080;177.190;180.750;25352939;Simple Moving Average (SMA);171.265;4.210
2024-11-07;AAPL;224.625;227.875;224.570;227.480;42137691;Exponential Moving Average (EMA);225.651;4.210
2024-11-06;VALE3.SA;61.300;61.630;60.740;61.420;19726800;Double Exponential Moving Average (DEMA);61.686;4.270
2024-11-06;PETR4.SA;35.050;35.460;35.040;35.400;28440800;Weighted Moving Average (WMA);34.365;4.270
2024-11-06;MSFT;412.420;420.450;410.520;420.180;26681842;Commodity Channel Index (CCI);-24.953;4.270
2024-11-06;ITUB4.SA;35.870;36.430;35.520;36.170;38887000;Triple Exponential Moving Average (TEMA);35.300;4.270
2024-11-06;GOOGL;173.800;176.940;173.500;176.510;33695538;Simple Moving Average (SMA);169.808;4.270
2024-11-06;AAPL;222.610;226.065;221.190;222.720;54561121;Exponential Moving Average (EMA);225.934;4.270
2024-11-05;VALE3.SA;62.950;63.110;61.960;62.120;16368800;Double Exponential Moving Average (DEMA);62.036;4.190
2024-11-05;PETR4.SA;35.500;35.600;35.030;35.390;23990600;Weighted Moving Average (WMA);34.516;4.190
2024-11-05;MSFT;408.370;414.900;408.080;411.460;17626011;Commodity Channel Index (CCI);-72.978;4.190
2024-11-05;ITUB4.SA;35.700;36.650;35.600;36.340;52524800;Triple Exponential Moving Average (TEMA);35.089;4.190
2024-11-05;GOOGL;169.430;170.530;168.840;169.740;18242050;Simple Moving Average (SMA);168.905;4.190
2024-11-05;AAPL;221.795;223.950;221.140;223.450;28111338;Exponential Moving Average (EMA);226.727;4.190
2024-11-04;VALE3.SA;62.400;62.870;62.120;62.670;12360000;Double Exponential Moving Average (DEMA);61.770;4.170
2024-11-04;PETR4.SA;35.900;35.950;35.380;35.500;24003600;Weighted Moving Average (WMA);34.600;4.170
2024-11-04;MSFT;409.800;410.415;405.571;408.460;19672286;Commodity Channel Index (CCI);-123.684;4.170
2024-11-04;ITUB4.SA;35.130;35.540;34.890;35.280;20499900;Triple Exponential Moving Average (TEMA);34.885;4.170
2024-11-04;GOOGL;169.930;170.730;168.011;169.240;21492744;Simple Moving Average (SMA);168.261;4.170
2024-11-04;AAPL;220.990;222.790;219.710;222.010;44944468;Exponential Moving Average (EMA);227.877;4.170
2024-11-01;VALE3.SA;62.140;62.440;61.790;62.030;15236400;Double Exponential Moving Average (DEMA);61.646;4.210
2024-11-01;PETR4.SA;36.200;36.370;35.300;35.420;30605300;Weighted Moving Average (WMA);34.634;4.210
2024-11-01;MSFT;409.010;415.500;407.500;410.370;24230442;Commodity Channel Index (CCI);-126.407;4.210
2024-11-01;ITUB4.SA;35.000;35.300;34.790;34.810;22751600;Triple Exponential Moving Average (TEMA);34.963;4.210
2024-11-01;GOOGL;170.070;172.320;168.880;171.290;31796477;Simple Moving Average (SMA);167.564;4.210
2024-11-01;AAPL;220.965;225.350;220.270;222.910;65276741;Exponential Moving Average (EMA);229.462;4.210
2024-10-31;VALE3.SA;62.340;62.590;61.800;62.060;16553300;Double Exponential Moving Average (DEMA);61.585;4.160
2024-10-31;PETR4.SA;35.870;36.050;35.630;35.910;25597000;Weighted Moving Average (WMA);34.629;4.160
2024-10-31;MSFT;415.360;416.160;406.300;406.350;53970981;Commodity Channel Index (CCI);-174.517;4.160
2024-10-31;ITUB4.SA;35.250;35.610;35.020;35.020;20077800;Triple Exponential Moving Average (TEMA);35.163;4.160
2024-10-31;GOOGL;173.130;176.820;171.000;171.110;44768981;Simple Moving Average (SMA);166.877;4.160
2024-10-31;AAPL;229.340;229.830;225.370;225.910;64370086;Exponential Moving Average (EMA);231.404;4.160
2024-10-30;VALE3.SA;62.500;62.690;62.120;62.470;12263300;Double Exponential Moving Average (DEMA);61.407;4.150
2024-10-30;PETR4.SA;36.120;36.370;35.850;35.850;26144700;Weighted Moving Average (WMA);34.705;4.150
2024-10-30;MSFT;437.435;438.500;432.100;432.530;29749149;Commodity Channel Index (CCI);135.775;4.150
2024-10-30;ITUB4.SA;35.340;35.590;35.130;35.250;10662900;Triple Exponential Moving Average (TEMA);35.285;4.150
2024-10-30;GOOGL;180.680;182.020;174.060;174.460;68890787;Simple Moving Average (SMA);166.138;4.150
2024-10-30;AAPL;232.610;233.470;229.550;230.100;47070907;Exponential Moving Average (EMA);231.919;4.150
2024-10-29;VALE3.SA;63.250;63.440;62.650;62.660;14941700;Double Exponential Moving Average (DEMA);61.090;4.110
2024-10-29;PETR4.SA;36.330;36.420;35.800;36.010;26090200;Weighted Moving Average (WMA);34.762;4.110
2024-10-29;MSFT;428.000;433.170;425.800;431.950;17644080;Commodity Channel Index (CCI);96.815;4.110
2024-10-29;ITUB4.SA;35.860;35.940;35.350;35.350;11672800;Triple Exponential Moving Average (TEMA);35.406;4.110
2024-10-29;GOOGL;167.730;170.380;167.090;169.680;42169025;Simple Moving Average (SMA);164.524;4.110
2024-10-29;AAPL;233.100;234.325;232.320;233.670;35417247;Exponential Moving Average (EMA);231.822;4.110
2024-10-28;VALE3.SA;62.500;62.880;62.190;62.880;16572400;Double Exponential Moving Average (DEMA);60.329;4.120
2024-10-28;PETR4.SA;35.490;36.130;35.340;36.090;27507100;Weighted Moving Average (WMA);34.798;4.120
2024-10-28;MSFT;431.655;431.940;426.300;426.590;14882444;Commodity Channel Index (CCI);90.181;4.120
2024-10-28;ITUB4.SA;35.640;35.910;35.490;35.730;10533000;Triple Exponential Moving Average (TEMA);35.226;4.120
2024-10-28;GOOGL;168.750;168.750;163.950;166.720;32138641;Simple Moving Average (SMA);164.330;4.120
2024-10-28;AAPL;233.320;234.730;232.550;233.400;36087134;Exponential Moving Average (EMA);231.595;4.120
2024-10-25;VALE3.SA;60.570;62.470;60.520;61.730;38466000;Double Exponential Moving Average (DEMA);59.639;4.110
2024-10-25;PETR4.SA;35.960;36.490;35.850;36.150;32585900;Weighted Moving Average (WMA);35.016;4.110
2024-10-25;MSFT;426.760;432.520;426.565;428.150;16899064;Commodity Channel Index (CCI);130.438;4.110
2024-10-25;ITUB4.SA;35.700;35.780;35.220;35.300;15340000;Triple Exponential Moving Average (TEMA);35.093;4.110
2024-10-25;GOOGL;163.670;165.590;163.420;165.270;19828884;Simple Moving Average (SMA);163.820;4.110
2024-10-25;AAPL;229.740;233.220;229.570;231.410;38802304;Exponential Moving Average (EMA);231.269;4.110
2024-10-24;VALE3.SA;59.340;59.700;59.210;59.700;11331700;Double Exponential Moving Average (DEMA);59.573;4.070
2024-10-24;PETR4.SA;35.850;36.030;35.560;35.900;23058900;Weighted Moving Average (WMA);35.180;4.070
2024-10-24;MSFT;425.325;425.978;422.400;424.730;13581631;Commodity Channel Index (CCI);90.435;4.070
2024-10-24;ITUB4.SA;35.380;35.830;35.290;35.700;21391700;Triple Exponential Moving Average (TEMA);34.848;4.070
2024-10-24;GOOGL;162.830;163.330;161.010;162.720;22412527;Simple Moving Average (SMA);163.666;4.070
2024-10-24;AAPL;229.980;230.820;228.410;230.570;31109503;Exponential Moving Average (EMA);231.664;4.070
2024-10-23;VALE3.SA;59.890;59.900;59.150;59.350;18289900;Double Exponential Moving Average (DEMA);60.040;4.070
2024-10-23;PETR4.SA;35.910;35.940;35.570;35.660;30769100;Weighted Moving Average (WMA);35.390;4.070
2024-10-23;MSFT;430.855;431.080;422.530;424.600;19654379;Commodity Channel Index (CCI);159.838;4.070
2024-10-23;ITUB4.SA;35.010;35.400;35.000;35.380;15353400;Triple Exponential Moving Average (TEMA);34.696;4.070
2024-10-23;GOOGL;164.760;165.820;161.925;162.780;18280518;Simple Moving Average (SMA);163.470;4.070
2024-10-23;AAPL;234.080;235.144;227.760;230.760;52286979;Exponential Moving Average (EMA);232.095;4.070
2024-10-22;VALE3.SA;60.150;60.660;59.900;60.410;14814000;Double Exponential Moving Average (DEMA);60.435;4.030
2024-10-22;PETR4.SA;36.200;36.300;35.990;36.110;29144300;Weighted Moving Average (WMA);35.615;4.030
2024-10-22;MSFT;418.490;430.579;418.040;427.510;25482197;Commodity Channel Index (CCI);233.050;4.030
2024-10-22;ITUB4.SA;35.000;35.250;34.810;35.160;21933400;Triple Exponential Moving Average (TEMA);34.716;4.030
2024-10-22;GOOGL;162.980;165.770;162.980;165.140;16568121;Simple Moving Average (SMA);163.339;4.030
2024-10-22;AAPL;233.885;236.220;232.600;235.860;38846578;Exponential Moving Average (EMA);231.711;4.030
2024-10-21;VALE3.SA;61.350;61.380;60.270;60.330;19044900;Double Exponential Moving Average (DEMA);60.858;4.020
2024-10-21;PETR4.SA;37.000;37.050;36.200;36.250;28390000;Weighted Moving Average (WMA);35.812;4.020
2024-10-21;MSFT;416.120;418.960;413.750;418.780;14206115;Commodity Channel Index (CCI);13.100;4.020
2024-10-21;ITUB4.SA;35.390;35.420;35.000;35.100;14892400;Triple Exponential Moving Average (TEMA);34.753;4.020
2024-10-21;GOOGL;162.950;164.500;162.620;164.070;20946455;Simple Moving Average (SMA);163.435;4.020
2024-10-21;AAPL;234.450;236.850;234.450;236.480;36254470;Exponential Moving Average (EMA);231.285;4.020
2024-10-18;VALE3.SA;61.190;61.470;60.460;60.550;21823500;Double Exponential Moving Average (DEMA);60.900;3.950
2024-10-18;PETR4.SA;36.980;37.070;36.410;36.830;32000800;Weighted Moving Average (WMA);35.887;3.950
2024-10-18;MSFT;417.140;419.650;416.260;418.160;17145317;Commodity Channel Index (CCI);51.278;3.950
2024-10-18;ITUB4.SA;35.200;35.380;35.020;35.280;15625000;Triple Exponential Moving Average (TEMA);34.552;3.950
2024-10-18;GOOGL;163.190;164.710;163.080;163.420;19757661;Simple Moving Average (SMA);163.912;3.950
2024-10-18;AAPL;236.180;236.180;234.010;235.000;46431472;Exponential Moving Average (EMA);230.639;3.950
2024-10-17;VALE3.SA;61.020;61.320;60.640;60.760;20345200;Double Exponential Moving Average (DEMA);61.029;3.960
2024-10-17;PETR4.SA;37.210;37.210;36.690;36.930;22174300;Weighted Moving Average (WMA);35.986;3.960
2024-10-17;MSFT;422.360;422.500;415.590;416.720;14820004;Commodity Channel Index (CCI);64.895;3.960
2024-10-17;ITUB4.SA;34.690;35.430;34.540;35.110;19691800;Triple Exponential Moving Average (TEMA);34.389;3.960
2024-10-17;GOOGL;165.730;166.370;162.760;162.930;21453395;Simple Moving Average (SMA);164.398;3.960
2024-10-17;AAPL;233.430;233.850;230.520;232.150;32993810;Exponential Moving Average (EMA);229.466;3.960
2024-10-16;VALE3.SA;61.930;62.380;61.580;62.340;29731800;Double Exponential Moving Average (DEMA);61.279;3.930
2024-10-16;PETR4.SA;37.550;37.580;37.190;37.210;23041200;Weighted Moving Average (WMA);36.049;3.930
2024-10-16;MSFT;415.170;416.360;410.480;416.120;15508932;Commodity Channel Index (CCI);-56.472;3.930
2024-10-16;ITUB4.SA;35.250;35.270;34.850;35.040;34988700;Triple Exponential Moving Average (TEMA);34.497;3.930
2024-10-16;GOOGL;164.530;165.800;163.740;165.160;16406030;Simple Moving Average (SMA);164.266;3.930
2024-10-16;AAPL;231.600;232.120;229.840;231.780;34082240;Exponential Moving Average (EMA);228.642;3.930
2024-10-15;VALE3.SA;61.100;61.200;60.570;61.170;25559300;Double Exponential Moving Average (DEMA);61.212;3.950
2024-10-15;PETR4.SA;37.210;37.410;37.060;37.400;28204600;Weighted Moving Average (WMA);36.056;3.950
2024-10-15;MSFT;422.180;422.480;415.260;418.740;18900201;Commodity Channel Index (CCI);76.927;3.950
2024-10-15;ITUB4.SA;34.900;35.310;34.730;35.250;28801300;Triple Exponential Moving Average (TEMA);34.301;3.950
2024-10-15;GOOGL;165.785;167.680;164.625;165.460;20247195;Simple Moving Average (SMA);164.455;3.950
2024-10-15;AAPL;233.610;237.490;232.370;233.850;64751367;Exponential Moving Average (EMA);228.041;3.950
2024-10-11;VALE3.SA;60.990;62.270;60.980;62.130;20939400;Double Exponential Moving Average (DEMA);61.313;3.950
2024-10-11;PETR4.SA;37.600;37.650;37.320;37.620;16343000;Weighted Moving Average (WMA);36.079;3.950
2024-10-11;MSFT;416.135;417.130;413.250;416.320;14144944;Commodity Channel Index (CCI);-41.712;3.950
2024-10-11;ITUB4.SA;34.830;34.970;34.550;34.630;16968500;Triple Exponential Moving Average (TEMA);34.337;3.950
2024-10-11;GOOGL;162.130;163.900;161.235;163.240;15344251;Simple Moving Average (SMA);164.613;3.950
2024-10-11;AAPL;229.300;229.410;227.340;227.550;31759188;Exponential Moving Average (EMA);226.508;3.950
2024-10-10;VALE3.SA;61.450;61.450;60.750;61.250;17192100;Double Exponential Moving Average (DEMA);61.663;3.980
2024-10-10;PETR4.SA;37.400;37.740;37.320;37.650;20630100;Weighted Moving Average (WMA);36.012;3.980
2024-10-10;MSFT;415.225;417.350;413.150;415.840;13848376;Commodity Channel Index (CCI);-51.785;3.980
2024-10-10;ITUB4.SA;34.710;34.970;34.570;34.890;20487100;Triple Exponential Moving Average (TEMA);34.413;3.980
2024-10-10;GOOGL;160.870;163.070;160.395;162.080;14144068;Simple Moving Average (SMA);164.681;3.980
2024-10-10;AAPL;227.780;229.500;227.170;229.040;28183544;Exponential Moving Average (EMA);225.944;3.980
2024-10-09;VALE3.SA;60.670;61.060;60.250;60.960;22758400;Double Exponential Moving Average (DEMA);61.924;3.990
2024-10-09;PETR4.SA;37.370;37.520;37.010;37.220;30789800;Weighted Moving Average (WMA);35.972;3.990
2024-10-09;MSFT;415.860;420.380;414.300;417.460;14974257;Commodity Channel Index (CCI);-37.572;3.990
2024-10-09;ITUB4.SA;35.110;35.200;34.630;34.700;20924100;Triple Exponential Moving Average (TEMA);34.630;3.990
2024-10-09;GOOGL;163.450;164.840;159.740;161.860;31181774;Simple Moving Average (SMA);164.957;3.990
2024-10-09;AAPL;225.230;229.750;224.830;229.540;33591091;Exponential Moving Average (EMA);225.591;3.990
2024-10-08;VALE3.SA;60.810;61.120;60.650;61.120;38028100;Double Exponential Moving Average (DEMA);62.608;3.980
2024-10-08;PETR4.SA;37.470;37.750;37.450;37.600;34142000;Weighted Moving Average (WMA);35.932;3.980
2024-10-08;MSFT;410.900;415.660;408.170;414.710;19229261;Commodity Channel Index (CCI);-93.013;3.980
2024-10-08;ITUB4.SA;35.380;35.510;35.270;35.350;23103400;Triple Exponential Moving Average (TEMA);34.711;3.980
2024-10-08;GOOGL;163.940;164.725;162.870;164.380;23072733;Simple Moving Average (SMA);164.760;3.980
2024-10-08;AAPL;224.300;225.980;223.250;225.770;31855693;Exponential Moving Average (EMA);225.726;3.980
2024-10-07;VALE3.SA;62.900;63.740;62.440;63.030;22467400;Double Exponential Moving Average (DEMA);63.446;3.990
2024-10-07;PETR4.SA;38.040;38.380;37.900;38.370;36418000;Weighted Moving Average (WMA);35.870;3.990
2024-10-07;MSFT;416.000;417.110;409.000;409.540;20919761;Commodity Channel Index (CCI);-125.010;3.990
2024-10-07;ITUB4.SA;35.200;35.320;34.850;35.140;23310400;Triple Exponential Moving Average (TEMA);34.677;3.990
2024-10-07;GOOGL;167.720;168.480;162.750;162.980;22463140;Simple Moving Average (SMA);164.669;3.990
2024-10-07;AAPL;224.500;225.690;221.330;221.690;39505354;Exponential Moving Average (EMA);226.098;3.990
2024-10-04;VALE3.SA;62.920;63.010;62.300;62.480;16268300;Double Exponential Moving Average (DEMA);63.620;3.930
2024-10-04;PETR4.SA;38.150;38.200;37.670;37.840;22526800;Weighted Moving Average (WMA);35.680;3.930
2024-10-04;MSFT;418.240;419.750;414.970;416.060;19190913;Commodity Channel Index (CCI);-105.491;3.930
2024-10-04;ITUB4.SA;34.690;35.140;34.630;34.910;15482400;Triple Exponential Moving Average (TEMA);34.774;3.930
2024-10-04;GOOGL;168.060;168.230;165.480;167.060;19093724;Simple Moving Average (SMA);164.332;3.930
2024-10-04;AAPL;227.900;228.000;224.130;226.800;37345098;Exponential Moving Average (EMA);226.508;3.930
2024-10-03;VALE3.SA;63.630;63.800;62.430;62.940;26675400;Double Exponential Moving Average (DEMA);63.809;3.700
2024-10-03;PETR4.SA;37.440;38.040;37.210;37.940;31033000;Weighted Moving Average (WMA);35.438;3.700
2024-10-03;MSFT;417.630;419.550;414.290;416.540;13686421;Commodity Channel Index (CCI);-146.167;3.700
2024-10-03;ITUB4.SA;35.220;35.320;34.650;34.840;31509700;Triple Exponential Moving Average (TEMA);35.285;3.700
2024-10-03;GOOGL;164.410;166.640;163.923;165.860;15073101;Simple Moving Average (SMA);163.877;3.700
2024-10-03;AAPL;225.140;226.805;223.320;225.670;34044158;Exponential Moving Average (EMA);226.255;3.700
2024-10-02;VALE3.SA;64.420;65.350;63.970;64.170;20310600;Double Exponential Moving Average (DEMA);63.708;3.630
2024-10-02;PETR4.SA;37.750;37.930;37.350;37.480;32014500;Weighted Moving Average (WMA);35.305;3.630
2024-10-02;MSFT;422.580;422.820;416.710;417.130;16582257;Commodity Channel Index (CCI);-173.507;3.630
2024-10-02;ITUB4.SA;35.870;36.260;35.520;35.720;20768200;Triple Exponential Moving Average (TEMA);35.707;3.630
2024-10-02;GOOGL;166.420;167.520;164.730;165.860;17760179;Simple Moving Average (SMA);163.807;3.630
2024-10-02;AAPL;225.890;227.370;223.020;226.780;32880605;Exponential Moving Average (EMA);226.558;3.630
2024-10-01;VALE3.SA;63.500;64.250;63.150;63.820;18091500;Double Exponential Moving Average (DEMA);63.177;3.610
2024-10-01;PETR4.SA;36.010;37.520;35.830;36.970;49748200;Weighted Moving Average (WMA);35.103;3.610
2024-10-01;MSFT;428.450;428.480;418.810;420.690;19092945;Commodity Channel Index (CCI);-184.042;3.610
2024-10-01;ITUB4.SA;36.260;36.310;35.430;35.500;26606300;Triple Exponential Moving Average (TEMA);35.909;3.610
2024-10-01;GOOGL;167.685;169.160;164.580;166.990;28338123;Simple Moving Average (SMA);163.151;3.610
2024-10-01;AAPL;229.520;229.650;223.740;226.210;63285048;Exponential Moving Average (EMA);226.761;3.610
2024-09-30;VALE3.SA;65.320;65.320;63.510;63.510;28980300;Double Exponential Moving Average (DEMA);62.824;3.660
2024-09-30;PETR4.SA;36.160;36.280;35.920;36.010;21146300;Weighted Moving Average (WMA);35.225;3.660
2024-09-30;MSFT;428.210;430.420;425.370;430.300;16854606;Commodity Channel Index (CCI);-98.552;3.660
2024-09-30;ITUB4.SA;36.600;37.000;36.110;36.110;25147200;Triple Exponential Moving Average (TEMA);35.953;3.660
2024-09-30;GOOGL;163.320;166.150;163.260;165.850;20481303;Simple Moving Average (SMA);162.286;3.660
2024-09-30;AAPL;230.040;233.000;229.650;233.000;54793391;Exponential Moving Average (EMA);226.204;3.660
2024-09-27;VALE3.SA;64.700;65.040;63.170;63.960;37237900;Double Exponential Moving Average (DEMA);61.500;3.550
2024-09-27;PETR4.SA;36.380;36.380;35.930;36.110;34537400;Weighted Moving Average (WMA);35.340;3.550
2024-09-27;MSFT;431.520;431.850;427.470;428.020;14896131;Commodity Channel Index (CCI);-100.930;3.550
2024-09-27;ITUB4.SA;36.540;36.860;36.520;36.760;27723900;Triple Exponential Moving Average (TEMA);35.796;3.550
2024-09-27;GOOGL;162.810;165.700;162.626;163.950;21101307;Simple Moving Average (SMA);161.686;3.550
2024-09-27;AAPL;228.460;229.520;227.300;227.790;34025967;Exponential Moving Average (EMA);225.408;3.550
2024-09-26;VALE3.SA;62.600;64.380;62.450;64.250;61449300;Double Exponential Moving Average (DEMA);59.956;3.600
2024-09-26;PETR4.SA;36.920;36.920;35.970;36.250;58048200;Weighted Moving Average (WMA);35.430;3.600
2024-09-26;MSFT;435.085;435.300;429.130;431.310;14492044;Commodity Channel Index (CCI);-29.640;3.600
2024-09-26;ITUB4.SA;36.500;36.890;36.340;36.620;37598800;Triple Exponential Moving Average (TEMA);35.624;3.600
2024-09-26;GOOGL;163.640;164.080;162.280;162.730;20319336;Simple Moving Average (SMA);160.948;3.600
2024-09-26;AAPL;227.300;228.500;225.410;227.520;36636707;Exponential Moving Average (EMA);224.785;3.600
2024-09-25;VALE3.SA;60.720;61.250;60.420;60.610;21557700;Double Exponential Moving Average (DEMA);58.782;3.530
2024-09-25;PETR4.SA;37.100;37.430;36.960;37.050;38655300;Weighted Moving Average (WMA);35.431;3.530
2024-09-25;MSFT;429.830;433.119;428.570;432.110;13396364;Commodity Channel Index (CCI);-22.563;3.530
2024-09-25;ITUB4.SA;35.780;36.170;35.780;36.160;21696900;Triple Exponential Moving Average (TEMA);35.410;3.530
2024-09-25;GOOGL;161.470;162.810;161.300;161.490;18869199;Simple Moving Average (SMA);159.966;3.530
2024-09-25;AAPL;224.930;227.290;224.020;226.370;42308715;Exponential Moving Average (EMA);224.282;3.530
2024-09-24;VALE3.SA;60.210;60.740;59.640;60.340;44910100;Double Exponential Moving Average (DEMA);58.017;3.490
2024-09-24;PETR4.SA;37.230;37.310;36.720;36.780;35104100;Weighted Moving Average (WMA);35.412;3.490
2024-09-24;MSFT;433.000;433.350;426.100;429.170;17015754;Commodity Channel Index (CCI);-23.578;3.490
2024-09-24;ITUB4.SA;36.050;36.330;35.520;35.710;24014400;Triple Exponential Moving Average (TEMA);35.592;3.490
2024-09-24;GOOGL;163.030;163.216;160.690;162.290;23332147;Simple Moving Average (SMA);158.812;3.490
2024-09-24;AAPL;228.645;229.350;225.730;227.370;43556068;Exponential Moving Average (EMA);224.193;3.490
2024-09-23;VALE3.SA;57.090;57.860;56.600;57.530;18164700;Double Exponential Moving Average (DEMA);57.207;3.570
2024-09-23;PETR4.SA;36.390;36.960;36.220;36.630;28218500;Weighted Moving Average (WMA);35.383;3.570
2024-09-23;MSFT;434.280;436.460;430.389;433.510;15128891;Commodity Channel Index (CCI);41.908;3.570
2024-09-23;ITUB4.SA;35.740;35.980;35.570;35.720;15333800;Triple Exponential Moving Average (TEMA);35.702;3.570
2024-09-23;GOOGL;164.350;165.490;161.670;161.850;24150852;Simple Moving Average (SMA);157.555;3.570
2024-09-23;AAPL;227.340;229.450;225.810;226.470;54146023;Exponential Moving Average (EMA);223.260;3.570
2024-09-20;VALE3.SA;57.710;58.160;56.950;57.350;30842600;Double Exponential Moving Average (DEMA);57.494;3.550
2024-09-20;PETR4.SA;36.270;36.400;36.070;36.260;48336200;Weighted Moving Average (WMA);35.526;3.550
2024-09-20;MSFT;437.220;439.240;434.220;435.270;55167106;Commodity Channel Index (CCI);71.749;3.550
2024-09-20;ITUB4.SA;36.320;36.480;35.910;35.930;30654600;Triple Exponential Moving Average (TEMA);36.085;3.550
2024-09-20;GOOGL;163.500;163.730;162.060;163.590;40896438;Simple Moving Average (SMA);156.373;3.550
2024-09-20;AAPL;229.970;233.090;227.620;228.200;318679888;Exponential Moving Average (EMA);222.409;3.550
2024-09-19;VALE3.SA;58.570;58.850;58.170;58.230;19328400;Double Exponential Moving Average (DEMA);57.605;3.590
2024-09-19;PETR4.SA;36.570;36.780;36.190;36.270;25059700;Weighted Moving Average (WMA);35.727;3.590
2024-09-19;MSFT;441.225;441.500;436.900;438.690;21706559;Commodity Channel Index (CCI);99.441;3.590
2024-09-19;ITUB4.SA;36.800;36.880;36.370;36.600;23841600;Triple Exponential Moving Average (TEMA);36.276;3.590
2024-09-19;GOOGL;163.710;163.790;161.340;162.140;26587733;Simple Moving Average (SMA);155.732;3.590
2024-09-19;AAPL;224.990;229.820;224.630;228.870;66781315;Exponential Moving Average (EMA);220.785;3.590
2024-09-18;VALE3.SA;57.590;58.170;57.450;57.540;14429800;Double Exponential Moving Average (DEMA);57.372;3.610
2024-09-18;PETR4.SA;36.910;36.930;36.150;36.150;38777000;Weighted Moving Average (WMA);35.911;3.610
2024-09-18;MSFT;435.000;436.030;430.410;430.810;18898042;Commodity Channel Index (CCI);77.283;3.610
2024-09-18;ITUB4.SA;36.850;37.030;36.560;36.700;16508200;Triple Exponential Moving Average (TEMA);36.245;3.610
2024-09-18;GOOGL;159.860;160.500;158.595;159.810;23677315;Simple Moving Average (SMA);154.971;3.610
2024-09-18;AAPL;217.550;222.710;217.540;220.690;59894928;Exponential Moving Average (EMA);219.905;3.610
2024-09-17;VALE3.SA;58.370;58.550;57.900;58.220;12056600;Double Exponential Moving Average (DEMA);57.489;3.590
2024-09-17;PETR4.SA;37.170;37.190;36.700;37.040;23443700;Weighted Moving Average (WMA);36.069;3.590
2024-09-17;MSFT;440.230;441.850;432.270;435.150;18874231;Commodity Channel Index (CCI);122.218;3.590
2024-09-17;ITUB4.SA;36.910;36.980;36.660;36.910;17636100;Triple Exponential Moving Average (TEMA);36.351;3.590
2024-09-17;GOOGL;159.020;160.550;158.375;159.320;20715612;Simple Moving Average (SMA);154.630;3.590
2024-09-17;AAPL;215.750;216.900;214.500;216.790;45519339;Exponential Moving Average (EMA);220.482;3.590
2024-09-16;VALE3.SA;58.430;58.550;58.080;58.500;10548000;Double Exponential Moving Average (DEMA);57.301;3.560
2024-09-16;PETR4.SA;37.240;37.720;37.160;37.210;22614800;Weighted Moving Average (WMA);36.209;3.560
2024-09-16;MSFT;430.600;433.530;428.220;431.340;13834697;Commodity Channel Index (CCI);123.947;3.560
2024-09-16;ITUB4.SA;37.060;37.220;36.830;37.000;10814500;Triple Exponential Moving Average (TEMA);36.468;3.560
2024-09-16;GOOGL;157.310;158.250;156.600;158.060;18379775;Simple Moving Average (SMA);154.878;3.560
2024-09-16;AAPL;216.540;217.220;213.920;216.320;59357427;Exponential Moving Average (EMA);221.586;3.560
2024-09-13;VALE3.SA;58.100;59.000;58.030;58.500;15045100;Double Exponential Moving Average (DEMA);57.022;3.570
2024-09-13;PETR4.SA;37.110;37.550;36.590;36.700;34729600;Weighted Moving Average (WMA);36.373;3.570
2024-09-13;MSFT;425.825;431.830;425.460;430.590;15874555;Commodity Channel Index (CCI);157.599;3.570
2024-09-13;ITUB4.SA;37.160;37.330;36.580;37.010;20220400;Triple Exponential Moving Average (TEMA);36.541;3.570
2024-09-13;GOOGL;155.430;158.380;155.210;157.460;29591152;Simple Moving Average (SMA);155.386;3.570
2024-09-13;AAPL;223.580;224.040;221.910;222.500;36766619;Exponential Moving Average (EMA);222.761;3.570
2024-09-12;VALE3.SA;58.100;58.540;57.960;58.110;17929800;Double Exponential Moving Average (DEMA);56.795;3.640
2024-09-12;PETR4.SA;37.290;37.320;36.750;36.870;22103300;Weighted Moving Average (WMA);36.597;3.640
2024-09-12;MSFT;423.310;427.369;419.750;427.000;17418759;Commodity Channel Index (CCI);168.157;3.640
2024-09-12;ITUB4.SA;37.210;37.280;36.700;36.970;14394900;Triple Exponential Moving Average (TEMA);36.577;3.640
2024-09-12;GOOGL;153.800;154.820;152.650;154.690;29695048;Simple Moving Average (SMA);156.251;3.640
2024-09-12;AAPL;222.500;223.550;219.820;222.770;37498225;Exponential Moving Average (EMA);222.633;3.640
2024-09-11;VALE3.SA;56.740;57.650;56.710;57.590;25592400;Double Exponential Moving Average (DEMA);56.494;3.620
2024-09-11;PETR4.SA;37.760;37.830;36.870;37.290;32907000;Weighted Moving Average (WMA);36.831;3.620
2024-09-11;MSFT;415.500;423.990;409.580;423.040;19266923;Commodity Channel Index (CCI);139.235;3.620
2024-09-11;ITUB4.SA;37.380;37.540;37.140;37.380;19666600;Triple Exponential Moving Average (TEMA);36.590;3.620
2024-09-11;GOOGL;149.920;151.500;147.520;151.160;29607693;Simple Moving Average (SMA);157.351;3.620
2024-09-11;AAPL;221.455;223.090;217.890;222.660;44587072;Exponential Moving Average (EMA);222.717;3.620
2024-09-10;VALE3.SA;56.840;56.900;55.930;56.000;17580600;Double Exponential Moving Average (DEMA);56.699;3.590
2024-09-10;PETR4.SA;37.920;37.920;37.000;37.330;37263500;Weighted Moving Average (WMA);37.003;3.590
2024-09-10;MSFT;408.200;416.330;407.700;414.200;19594287;Commodity Channel Index (CCI);44.650;3.590
2024-09-10;ITUB4.SA;37.050;37.380;37.020;37.310;13327400;Triple Exponential Moving Average (TEMA);36.488;3.590
2024-09-10;GOOGL;150.450;151.270;148.340;148.660;31118765;Simple Moving Average (SMA);158.919;3.590
2024-09-10;AAPL;218.920;221.480;216.730;220.110;51591033;Exponential Moving Average (EMA);223.052;3.590
2024-09-09;VALE3.SA;57.110;57.340;56.670;56.680;10204400;Double Exponential Moving Average (DEMA);56.939;3.680
2024-09-09;PETR4.SA;37.840;38.250;37.610;37.960;30521800;Weighted Moving Average (WMA);37.170;3.680
2024-09-09;MSFT;407.240;408.650;402.150;405.720;15295134;Commodity Channel Index (CCI);-110.705;3.680
2024-09-09;ITUB4.SA;37.020;37.450;36.970;37.310;13666700;Triple Exponential Moving Average (TEMA);36.544;3.680
2024-09-09;GOOGL;152.510;153.400;147.215;148.710;39260451;Simple Moving Average (SMA);160.487;3.680
2024-09-09;AAPL;220.820;221.270;216.710;220.910;67179965;Exponential Moving Average (EMA);224.023;3.680
2024-09-06;VALE3.SA;57.500;57.520;56.580;56.680;17917900;Double Exponential Moving Average (DEMA);57.149;3.660
2024-09-06;PETR4.SA;38.370;38.450;37.470;37.550;32971700;Weighted Moving Average (WMA);37.352;3.660
2024-09-06;MSFT;409.060;410.650;400.800;401.700;19609526;Commodity Channel Index (CCI);-169.447;3.660
2024-09-06;ITUB4.SA;37.580;37.580;36.870;36.950;15947300;Triple Exponential Moving Average (TEMA);36.634;3.660
2024-09-06;GOOGL;157.300;157.830;150.550;150.920;37912130;Simple Moving Average (SMA);161.685;3.660
2024-09-06;AAPL;223.950;225.240;219.770;220.820;48423011;Exponential Moving Average (EMA);224.789;3.660
2024-09-05;VALE3.SA;56.890;57.640;56.730;57.400;16585500;Double Exponential Moving Average (DEMA);57.264;3.750
2024-09-05;PETR4.SA;38.650;38.890;38.300;38.300;26206600;Weighted Moving Average (WMA);37.424;3.750
2024-09-05;MSFT;407.620;413.100;406.130;408.390;14195516;Commodity Channel Index (CCI);-102.950;3.750
2024-09-05;ITUB4.SA;37.300;37.600;37.140;37.480;11564300;Triple Exponential Moving Average (TEMA);36.384;3.750
2024-09-05;GOOGL;156.300;159.450;155.981;157.240;18688747;Simple Moving Average (SMA);162.678;3.750
2024-09-05;AAPL;221.625;225.480;221.520;222.380;36615398;Exponential Moving Average (EMA);225.031;3.750
2024-09-04;VALE3.SA;56.700;57.440;56.470;56.990;19501800;Double Exponential Moving Average (DEMA);57.691;3.760
2024-09-04;PETR4.SA;38.740;38.920;38.520;38.540;28851300;Weighted Moving Average (WMA);37.422;3.760
2024-09-04;MSFT;405.910;411.240;404.370;408.900;14886710;Commodity Channel Index (CCI);-138.922;3.760
2024-09-04;ITUB4.SA;37.150;37.790;37.020;37.240;20311300;Triple Exponential Moving Average (TEMA);36.187;3.760
2024-09-04;GOOGL;156.655;159.000;155.962;156.450;19197458;Simple Moving Average (SMA);163.561;3.760
2024-09-04;AAPL;221.660;221.780;217.480;220.850;43262758;Exponential Moving Average (EMA);225.842;3.760
2024-09-03;VALE3.SA;57.950;57.950;56.470;56.550;29504400;Double Exponential Moving Average (DEMA);58.350;3.880
2024-09-03;PETR4.SA;38.790;38.820;38.380;38.530;35866300;Weighted Moving Average (WMA);37.404;3.880
2024-09-03;MSFT;417.910;419.880;407.030;409.440;20313603;Commodity Channel Index (CCI);-79.453;3.880
2024-09-03;ITUB4.SA;36.490;36.990;36.360;36.980;15736300;Triple Exponential Moving Average (TEMA);35.986;3.880
2024-09-03;GOOGL;161.720;161.850;156.480;157.360;38945301;Simple Moving Average (SMA);164.583;3.880
2024-09-03;AAPL;228.550;229.000;221.170;222.770;50190574;Exponential Moving Average (EMA);226.825;3.880
2024-08-30;VALE3.SA;59.120;59.730;59.080;59.580;36685200;Double Exponential Moving Average (DEMA);58.721;3.910
2024-08-30;PETR4.SA;39.220;39.650;38.880;39.370;84437200;Weighted Moving Average (WMA);37.178;3.910
2024-08-30;MSFT;415.600;417.490;412.130;417.140;24308324;Commodity Channel Index (CCI);-28.914;3.910
2024-08-30;ITUB4.SA;36.830;36.970;36.410;36.700;61647300;Triple Exponential Moving Average (TEMA);36.246;3.910
2024-08-30;GOOGL;162.615;163.660;161.693;163.380;22123811;Simple Moving Average (SMA);164.938;3.910
2024-08-30;AAPL;230.190;230.400;227.480;229.000;52990770;Exponential Moving Average (EMA);226.497;3.910
2024-08-29;VALE3.SA;59.410;59.970;59.100;59.300;19175500;Double Exponential Moving Average (DEMA);58.634;3.870
2024-08-29;PETR4.SA;39.650;39.830;39.280;39.330;25356600;Weighted Moving Average (WMA);36.985;3.870
2024-08-29;MSFT;414.940;422.050;410.600;413.120;17045241;Commodity Channel Index (CCI);-40.872;3.870
2024-08-29;ITUB4.SA;37.190;37.380;36.960;36.960;22221200;Triple Exponential Moving Average (TEMA);36.252;3.870
2024-08-29;GOOGL;164.310;165.970;160.250;161.780;19699767;Simple Moving Average (SMA);164.824;3.870
2024-08-29;AAPL;230.100;232.920;228.880;229.790;51906297;Exponential Moving Average (EMA);225.733;3.870
2024-08-28;VALE3.SA;59.370;59.500;58.680;59.370;21280300;Double Exponential Moving Average (DEMA);58.376;3.830
2024-08-28;PETR4.SA;38.940;39.860;38.780;39.600;43284500;Weighted Moving Average (WMA);36.670;3.830
2024-08-28;MSFT;414.880;415.000;407.310;410.600;14882660;Commodity Channel Index (CCI);-129.329;3.830
2024-08-28;ITUB4.SA;36.360;37.470;36.230;37.370;31881300;Triple Exponential Moving Average (TEMA);36.018;3.830
2024-08-28;GOOGL;165.035;165.600;161.528;162.850;16407444;Simple Moving Average (SMA);164.444;3.830
2024-08-28;AAPL;227.920;229.860;225.680;226.490;38052167;Exponential Moving Average (EMA);224.819;3.830
2024-08-27;VALE3.SA;59.700;60.140;59.090;59.800;35232600;Double Exponential Moving Average (DEMA);58.033;3.830
2024-08-27;PETR4.SA;39.250;39.370;38.950;39.040;35073100;Weighted Moving Average (WMA);36.430;3.830
2024-08-27;MSFT;412.860;414.360;410.250;413.840;13492911;Commodity Channel Index (CCI);-118.159;3.830
2024-08-27;ITUB4.SA;36.530;36.710;36.330;36.580;14639700;Triple Exponential Moving Average (TEMA);36.201;3.830
2024-08-27;GOOGL;165.835;166.443;164.460;164.680;11821941;Simple Moving Average (SMA);164.181;3.830
2024-08-27;AAPL;225.995;228.850;224.890;228.030;35934559;Exponential Moving Average (EMA);224.186;3.830
2024-08-26;VALE3.SA;58.500;58.550;58.050;58.050;17168700;Double Exponential Moving Average (DEMA);57.416;3.910
2024-08-26;PETR4.SA;37.860;39.610;37.710;39.570;102270300;Weighted Moving Average (WMA);36.089;3.910
2024-08-26;MSFT;416.365;417.280;411.340;413.490;13152830;Commodity Channel Index (CCI);-88.403;3.910
2024-08-26;ITUB4.SA;36.530;36.640;36.260;36.540;14399100;Triple Exponential Moving Average (TEMA);36.336;3.910
2024-08-26;GOOGL;166.380;167.550;164.455;166.160;14190417;Simple Moving Average (SMA);163.939;3.910
2024-08-26;AAPL;226.760;227.280;223.891;227.180;30602208;Exponential Moving Average (EMA);223.839;3.910
2024-08-23;VALE3.SA;58.260;58.380;57.250;57.400;24018700;Double Exponential Moving Average (DEMA);57.110;3.900
2024-08-23;PETR4.SA;37.370;37.530;36.890;36.890;29239000;Weighted Moving Average (WMA);35.954;3.900
2024-08-23;MSFT;416.980;419.260;412.090;416.790;18493784;Commodity Channel Index (CCI);-23.070;3.900
2024-08-23;ITUB4.SA;36.790;37.050;36.370;36.460;21752600;Triple Exponential Moving Average (TEMA);36.504;3.900
2024-08-23;GOOGL;164.720;166.180;163.830;165.620;13955741;Simple Moving Average (SMA);163.737;3.900
2024-08-23;AAPL;225.659;228.220;224.330;226.840;38677250;Exponential Moving Average (EMA);223.245;3.900
2024-08-22;VALE3.SA;58.240;58.380;57.850;58.380;17719100;Double Exponential Moving Average (DEMA);56.802;3.990
2024-08-22;PETR4.SA;37.280;37.300;36.860;37.120;26334300;Weighted Moving Average (WMA);35.866;3.990
2024-08-22;MSFT;424.360;426.790;414.610;415.550;19361901;Commodity Channel Index (CCI);31.295;3.990
2024-08-22;ITUB4.SA;36.320;36.750;36.300;36.740;21460900;Triple Exponential Moving Average (TEMA);36.540;3.990
2024-08-22;GOOGL;167.260;167.590;163.310;163.800;22493275;Simple Moving Average (SMA);163.267;3.990
2024-08-22;AAPL;227.790;228.340;223.900;224.530;43695321;Exponential Moving Average (EMA);222.764;3.990
2024-08-21;VALE3.SA;58.250;58.560;58.100;58.300;23200300;Double Exponential Moving Average (DEMA);56.397;3.920
2024-08-21;PETR4.SA;38.680;38.790;37.940;38.060;38491900;Weighted Moving Average (WMA);35.759;3.920
2024-08-21;MSFT;424.075;426.400;421.720;424.140;16067298;Commodity Channel Index (CCI);92.445;3.920
2024-08-21;ITUB4.SA;37.330;37.380;36.910;37.080;14132800;Triple Exponential Moving Average (TEMA);36.853;3.920
2024-08-21;GOOGL;165.150;166.850;164.670;165.850;22901997;Simple Moving Average (SMA);162.594;3.920
2024-08-21;AAPL;226.520;227.980;225.050;226.400;34765480;Exponential Moving Average (EMA);221.702;3.920
2024-08-20;VALE3.SA;57.380;57.590;56.810;57.200;19475800;Double Exponential Moving Average (DEMA);55.855;3.990
2024-08-20;PETR4.SA;38.500;38.680;37.890;38.290;27322600;Weighted Moving Average (WMA);35.356;3.990
2024-08-20;MSFT;421.700;425.860;421.640;424.800;16387581;Commodity Channel Index (CCI);108.592;3.990
2024-08-20;ITUB4.SA;37.000;37.360;36.740;37.230;15760400;Triple Exponential Moving Average (TEMA);36.589;3.990
2024-08-20;GOOGL;166.900;168.640;166.820;167.180;18341533;Simple Moving Average (SMA);162.205;3.990
2024-08-20;AAPL;225.770;227.170;225.450;226.510;30299033;Exponential Moving Average (EMA);220.687;3.990
2024-08-19;VALE3.SA;56.520;57.520;56.360;56.980;28349600;Double Exponential Moving Average (DEMA);55.521;4.060
2024-08-19;PETR4.SA;38.600;38.790;38.400;38.440;28138200;Weighted Moving Average (WMA);35.120;4.060
2024-08-19;MSFT;418.960;421.750;416.460;421.530;15233957;Commodity Channel Index (CCI);92.140;4.060
2024-08-19;ITUB4.SA;36.880;37.260;36.780;36.960;22266300;Triple Exponential Moving Average (TEMA);36.353;4.060
2024-08-19;GOOGL;165.280;166.690;164.260;166.670;22416185;Simple Moving Average (SMA);161.450;4.060
2024-08-19;AAPL;225.720;225.990;223.040;225.890;40687813;Exponential Moving Average (EMA);219.613;4.060
2024-08-16;VALE3.SA;55.950;56.090;55.530;56.080;44280200;Double Exponential Moving Average (DEMA);55.468;4.060
2024-08-16;PETR4.SA;38.170;38.770;38.030;38.500;35472700;Weighted Moving Average (WMA);34.803;4.060
2024-08-16;MSFT;420.600;421.340;417.300;418.470;22775593;Commodity Channel Index (CCI);106.463;4.060
2024-08-16;ITUB4.SA;37.240;37.490;36.640;36.740;34482800;Triple Exponential Moving Average (TEMA);36.016;4.060
2024-08-16;GOOGL;161.470;165.060;161.130;162.960;24208647;Simple Moving Average (SMA);160.474;4.060
2024-08-16;AAPL;223.920;226.827;223.650;226.050;44340240;Exponential Moving Average (EMA);218.311;4.060
2024-08-15;VALE3.SA;55.900;56.360;55.690;56.230;28153700;Double Exponential Moving Average (DEMA);55.667;4.080
2024-08-15;PETR4.SA;38.050;38.560;38.000;38.340;33409000;Weighted Moving Average (WMA);34.534;4.080
2024-08-15;MSFT;419.800;421.110;417.660;421.030;20752144;Commodity Channel Index (CCI);150.105;4.080
2024-08-15;ITUB4.SA;36.670;37.090;36.560;37.050;32635900;Triple Exponential Moving Average (TEMA);35.220;4.080
2024-08-15;GOOGL;160.500;161.635;159.610;161.300;31524252;Simple Moving Average (SMA);160.970;4.080
2024-08-15;AAPL;224.600;225.350;222.760;224.720;46414013;Exponential Moving Average (EMA);217.119;4.080
2024-08-14;VALE3.SA;55.960;56.090;55.480;56.000;51693500;Double Exponential Moving Average (DEMA);55.978;3.940
2024-08-14;PETR4.SA;37.190;38.000;37.160;37.760;37955500;Weighted Moving Average (WMA);34.280;3.940
2024-08-14;MSFT;414.800;417.720;412.446;416.860;18266980;Commodity Channel Index (CCI);99.456;3.940
2024-08-14;ITUB4.SA;35.590;36.780;35.590;36.470;54240500;Triple Exponential Moving Average (TEMA);34.371;3.940
2024-08-14;GOOGL;162.400;163.220;157.710;160.370;40591126;Simple Moving Average (SMA);161.942;3.940
2024-08-14;AAPL;220.570;223.030;219.700;221.720;41960574;Exponential Moving Average (EMA);215.512;3.940
2024-08-13;VALE3.SA;56.990;56.990;56.520;56.520;26100900;Double Exponential Moving Average (DEMA);56.387;3.930
2024-08-13;PETR4.SA;37.530;37.630;36.970;37.110;28557200;Weighted Moving Average (WMA);34.170;3.930
2024-08-13;MSFT;409.590;414.950;409.570;414.010;19414271;Commodity Channel Index (CCI);63.049;3.930
2024-08-13;ITUB4.SA;34.850;35.590;34.710;35.590;39538900;Triple Exponential Moving Average (TEMA);33.796;3.930
2024-08-13;GOOGL;163.410;164.730;162.970;164.160;18551690;Simple Moving Average (SMA);163.024;3.930
2024-08-13;AAPL;219.010;221.890;219.010;221.270;44155331;Exponential Moving Average (EMA);214.442;3.930
2024-08-12;VALE3.SA;57.100;57.110;56.520;56.770;18421500;Double Exponential Moving Average (DEMA);56.499;4.010
2024-08-12;PETR4.SA;36.800;37.810;36.800;37.340;39655100;Weighted Moving Average (WMA);33.985;4.010
2024-08-12;MSFT;407.060;408.760;404.243;406.810;16762883;Commodity Channel Index (CCI);-13.715;4.010
2024-08-12;ITUB4.SA;34.670;34.820;34.470;34.610;20965400;Triple Exponential Moving Average (TEMA);33.416;4.010
2024-08-12;GOOGL;164.350;164.900;161.840;162.290;15895286;Simple Moving Average (SMA);163.705;4.010
2024-08-12;AAPL;216.070;219.510;215.600;217.530;38028092;Exponential Moving Average (EMA);213.480;4.010
2024-08-09;VALE3.SA;57.120;57.160;56.500;57.060;21989300;Double Exponential Moving Average (DEMA);56.618;4.050
2024-08-09;PETR4.SA;36.130;36.950;35.580;36.510;66082100;Weighted Moving Average (WMA);33.936;4.050
2024-08-09;MSFT;404.030;408.050;402.262;406.020;19276666;Commodity Channel Index (CCI);-34.213;4.050
2024-08-09;ITUB4.SA;33.800;34.560;33.750;34.560;24139600;Triple Exponential Moving Average (TEMA);32.967;4.050
2024-08-09;GOOGL;160.010;163.790;159.060;163.670;28602285;Simple Moving Average (SMA);164.152;4.050
2024-08-09;AAPL;212.100;216.780;211.970;216.240;42201646;Exponential Moving Average (EMA);212.957;4.050
2024-08-08;VALE3.SA;57.030;57.500;56.820;56.850;14584800;Double Exponential Moving Average (DEMA);56.787;4.040
2024-08-08;PETR4.SA;36.350;36.950;36.160;36.850;29870300;Weighted Moving Average (WMA);34.027;4.040
2024-08-08;MSFT;402.440;405.860;399.941;402.690;20203030;Commodity Channel Index (CCI);-60.315;4.040
2024-08-08;ITUB4.SA;33.850;34.140;33.540;33.650;19625300;Triple Exponential Moving Average (TEMA);32.878;4.040
2024-08-08;GOOGL;160.510;163.690;160.210;162.030;25578839;Simple Moving Average (SMA);164.864;4.040
2024-08-08;AAPL;213.110;214.200;208.830;213.310;47161149;Exponential Moving Average (EMA);213.254;4.040
2024-08-07;VALE3.SA;57.310;57.590;57.020;57.200;19243400;Double Exponential Moving Average (DEMA);57.070;4.000
2024-08-07;PETR4.SA;36.700;36.750;36.000;36.270;25020500;Weighted Moving Average (WMA);34.101;4.000
2024-08-07;MSFT;408.635;410.080;397.470;398.430;20650906;Commodity Channel Index (CCI);-80.773;4.000
2024-08-07;ITUB4.SA;34.050;34.180;33.070;33.770;40658900;Triple Exponential Moving Average (TEMA);32.722;4.000
2024-08-07;GOOGL;161.250;162.980;158.470;158.940;25138573;Simple Moving Average (SMA);166.062;4.000
2024-08-07;AAPL;206.900;213.640;206.390;209.820;63516417;Exponential Moving Average (EMA);213.392;4.000
2024-08-06;VALE3.SA;56.740;57.520;56.300;57.310;23930200;Double Exponential Moving Average (DEMA);57.342;3.990
2024-08-06;PETR4.SA;35.600;36.660;35.340;36.320;36009000;Weighted Moving Average (WMA);34.132;3.990
2024-08-06;MSFT;400.000;405.670;398.500;399.610;24946525;Commodity Channel Index (CCI);-112.730;3.990
2024-08-06;ITUB4.SA;33.010;33.940;33.010;33.680;25812000;Triple Exponential Moving Average (TEMA);32.375;3.990
2024-08-06;GOOGL;159.330;160.570;156.410;158.290;49004561;Simple Moving Average (SMA);167.294;3.990
2024-08-06;AAPL;205.300;209.990;201.070;207.230;69660488;Exponential Moving Average (EMA);214.938;3.990
2024-08-05;VALE3.SA;56.310;57.390;55.900;57.020;24635900;Double Exponential Moving Average (DEMA);57.975;3.890
2024-08-05;PETR4.SA;34.800;35.700;34.600;35.700;44765900;Weighted Moving Average (WMA);34.390;3.890
2024-08-05;MSFT;389.170;401.040;385.580;395.150;40709238;Commodity Channel Index (CCI);-199.589;3.890
2024-08-05;ITUB4.SA;32.450;33.030;32.350;32.950;26510800;Triple Exponential Moving Average (TEMA);32.570;3.890
2024-08-05;GOOGL;155.500;164.430;154.930;159.250;53630673;Simple Moving Average (SMA);169.560;3.890
2024-08-05;AAPL;199.090;213.500;196.000;209.270;119548589;Exponential Moving Average (EMA);217.183;3.890
2024-08-02;VALE3.SA;60.640;60.850;59.360;59.410;35296000;Double Exponential Moving Average (DEMA);59.024;3.880
2024-08-02;PETR4.SA;36.720;36.800;35.730;35.730;36483900;Weighted Moving Average (WMA);34.848;3.880
2024-08-02;MSFT;412.490;415.000;404.340;408.490;29437900;Commodity Channel Index (CCI);-132.002;3.880
2024-08-02;ITUB4.SA;33.490;33.540;32.790;32.950;24143700;Triple Exponential Moving Average (TEMA);33.244;3.880
2024-08-02;GOOGL;166.440;168.510;164.670;166.660;29130102;Simple Moving Average (SMA);172.063;3.880
2024-08-02;AAPL;219.150;225.600;217.710;219.860;105568560;Exponential Moving Average (EMA);221.303;3.880
2024-08-01;VALE3.SA;61.850;61.870;60.220;60.250;40469400;Double Exponential Moving Average (DEMA);58.525;4.160
2024-08-01;PETR4.SA;37.750;37.830;36.790;36.840;29756300;Weighted Moving Average (WMA);35.010;4.160
2024-08-01;MSFT;420.785;427.460;413.090;417.110;30296400;Commodity Channel Index (CCI);-80.082;4.160
2024-08-01;ITUB4.SA;34.020;34.120;33.270;33.370;22633900;Triple Exponential Moving Average (TEMA);33.562;4.160
2024-08-01;GOOGL;170.250;174.050;168.880;170.760;24531392;Simple Moving Average (SMA);173.304;4.160
2024-08-01;AAPL;224.370;224.480;217.020;218.360;62500996;Exponential Moving Average (EMA);221.891;4.160
2024-07-31;VALE3.SA;60.910;61.680;60.760;61.630;34433100;Double Exponential Moving Average (DEMA);58.272;4.290
2024-07-31;PETR4.SA;37.050;37.410;36.960;37.410;28561100;Weighted Moving Average (WMA);35.009;4.290
2024-07-31;MSFT;420.495;421.775;412.210;418.350;42891366;Commodity Channel Index (CCI);-110.073;4.290
2024-07-31;ITUB4.SA;34.260;34.410;33.850;33.880;25302400;Triple Exponential Moving Average (TEMA);33.678;4.290
2024-07-31;GOOGL;173.240;174.245;170.010;171.540;25729090;Simple Moving Average (SMA);174.469;4.290
2024-07-31;AAPL;221.440;223.820;220.630;222.080;50036262;Exponential Moving Average (EMA);221.452;4.290
2024-11-28;VALE3.SA;57.900;58.800;57.270;57.530;20467000;Double Exponential Moving Average (DEMA);56.972;
2024-11-28;PETR4.SA;38.810;39.300;38.380;38.590;33113500;Weighted Moving Average (WMA);37.203;
2024-11-28;ITUB4.SA;33.770;33.830;32.630;32.680;39103200;Triple Exponential Moving Average (TEMA);33.664;
2024-10-14;VALE3.SA;62.320;62.520;61.330;61.930;44954000;Double Exponential Moving Average (DEMA);61.486;
2024-10-14;PETR4.SA;37.470;37.900;37.350;37.710;22279000;Weighted Moving Average (WMA);36.102;
2024-10-14;MSFT;417.770;424.040;417.520;419.140;16653086;Commodity Channel Index (CCI);95.428;
2024-10-14;ITUB4.SA;34.740;35.070;34.620;34.850;14436100;Triple Exponential Moving Average (TEMA);34.263;
2024-10-14;GOOGL;163.640;166.226;163.400;164.960;19016141;Simple Moving Average (SMA);164.645;
2024-10-14;AAPL;228.700;231.730;228.600;231.300;39882085;Exponential Moving Average (EMA);226.861;
2024-11-11;VALE3.SA;59.750;59.870;58.650;58.650;24483700;Double Exponential Moving Average (DEMA);60.859;
2024-11-11;PETR4.SA;35.990;36.420;35.900;36.250;21446300;Weighted Moving Average (WMA);34.353;
2024-11-11;MSFT;422.515;424.810;416.000;418.010;24503321;Commodity Channel Index (CCI);6.002;
2024-11-11;ITUB4.SA;34.960;35.420;34.910;35.120;18250400;Triple Exponential Moving Average (TEMA);34.975;
2024-11-11;GOOGL;178.580;180.545;178.470;180.350;17450354;Simple Moving Average (SMA);173.942;
2024-11-11;AAPL;225.000;225.700;221.500;224.230;42005602;Exponential Moving Average (EMA);225.759;
2024-09-02;VALE3.SA;58.820;58.880;58.420;58.740;13155000;Double Exponential Moving Average (DEMA);58.677;
2024-09-02;PETR4.SA;39.330;39.400;38.890;39.000;15288400;Weighted Moving Average (WMA);37.354;
2024-09-02;ITUB4.SA;36.570;36.700;36.340;36.390;10168000;Triple Exponential Moving Average (TEMA);36.116;
2024-12-19;VALE3.SA;55.020;55.170;53.600;53.770;29529900;Double Exponential Moving Average (DEMA);55.717;
2024-12-19;PETR4.SA;37.660;37.930;36.980;37.160;43268400;Weighted Moving Average (WMA);38.339;
2024-12-19;MSFT;441.620;443.183;436.320;437.030;21418500;Commodity Channel Index (CCI);-144.039;
2024-12-19;ITUB4.SA;31.190;31.540;30.910;31.140;47032100;Triple Exponential Moving Average (TEMA);31.514;
2024-12-19;GOOGL;191.625;193.030;188.380;188.510;31350055;Simple Moving Average (SMA);187.692;
2024-12-19;AAPL;247.500;252.000;247.095;249.790;58729023;Exponential Moving Average (EMA);246.741;
